"CPC","ISIC"
"01110","0111"
"01120","0111"
"01130","0111"
"01150","0111"
"01160","0111"
"01190","0111"
"01210","0111"
"01220","0111"
"01240","0111"
"01410","0111"
"01420","0111"
"01430","0111"
"01440","0111"
"01490","0111"
"01710","0111"
"01790","0111"
"01810","0111"
"01820","0111"
"01910","0111"
"01921","0111"
"01922","0111"
"01923","0111"
"01930","0111"
"01940","0111"
"01990","0111"
"03210","0111"
"01231","0112"
"01239","0112"
"01341","0112"
"01510","0112"
"01520","0112"
"01530","0112"
"01540","0112"
"01310","0113"
"01320","0113"
"01330","0113"
"01349","0113"
"01360","0113"
"01611","0113"
"01612","0113"
"01613","0113"
"01614","0113"
"01620","0113"
"02111","0121"
"02112","0121"
"02113","0121"
"02910","0121"
"02961","0121"
"02990","0121"
"02121","0122"
"02122","0122"
"02129","0122"
"02920","0122"
"02930","0122"
"02940","0122"
"02950","0122"
"02963","0122"
"02964","0122"
"02972","0122"
"02973","0122"
"02974","0122"
"02980","0122"
"86110","0140"
"86121","0140"
"86130","0150"
"03110","0200"
"03120","0200"
"03130","0200"
"03190","0200"
"03220","0200"
"03230","0200"
"03910","0200"
"03920","0200"
"03930","0200"
"34510","0200"
"86140","0200"
"04110","0501"
"04120","0501"
"04210","0501"
"04230","0501"
"04910","0501"
"04920","0501"
"04930","0501"
"38210","0501"
"86150","0501"
"04110","0502"
"04120","0502"
"04210","0502"
"04220","0502"
"04230","0502"
"04910","0502"
"04920","0502"
"04930","0502"
"38210","0502"
"86150","0502"
"11010","1010"
"11020","1010"
"86210","1010"
"11030","1020"
"86210","1020"
"11040","1030"
"86210","1030"
"12010","1110"
"12020","1110"
"12030","1110"
"86210","1110"
"86210","1120"
"13000","1200"
"86210","1200"
"14100","1310"
"86210","1310"
"14210","1320"
"14220","1320"
"14230","1320"
"14240","1320"
"14290","1320"
"86210","1320"
"15110","1410"
"15120","1410"
"15130","1410"
"15200","1410"
"15310","1410"
"15320","1410"
"15400","1410"
"16330","1410"
"86210","1410"
"16110","1421"
"16120","1421"
"16190","1421"
"86210","1421"
"16200","1422"
"86210","1422"
"15330","1429"
"16310","1429"
"16320","1429"
"16390","1429"
"86210","1429"
"02962","1511"
"02971","1511"
"21111","1511"
"21112","1511"
"21113","1511"
"21114","1511"
"21115","1511"
"21116","1511"
"21117","1511"
"21118","1511"
"21119","1511"
"21121","1511"
"21122","1511"
"21129","1511"
"21131","1511"
"21132","1511"
"21140","1511"
"21611","1511"
"21612","1511"
"88111","1511"
"21210","1512"
"21220","1512"
"21230","1512"
"21240","1512"
"21250","1512"
"21260","1512"
"21291","1512"
"21299","1512"
"88111","1512"
"01350","1513"
"21310","1513"
"21320","1513"
"21390","1513"
"21400","1513"
"21510","1513"
"21520","1513"
"21530","1513"
"21540","1513"
"21550","1513"
"21560","1513"
"88111","1513"
"21620","1514"
"21630","1514"
"21640","1514"
"21650","1514"
"21670","1514"
"21680","1514"
"21690","1514"
"21700","1514"
"21810","1514"
"21820","1514"
"21830","1514"
"88111","1514"
"22110","1520"
"22120","1520"
"22910","1520"
"22920","1520"
"22930","1520"
"22940","1520"
"22950","1520"
"22960","1520"
"22970","1520"
"22980","1520"
"22990","1520"
"88111","1520"
"01140","1531"
"23110","1531"
"23120","1531"
"23130","1531"
"23150","1531"
"23160","1531"
"23170","1531"
"23180","1531"
"88111","1531"
"21660","1532"
"23210","1532"
"23220","1532"
"23230","1532"
"88111","1532"
"23310","1533"
"23320","1533"
"88111","1533"
"23410","1541"
"23420","1541"
"23430","1541"
"88111","1541"
"23510","1542"
"23520","1542"
"23530","1542"
"23540","1542"
"88111","1542"
"23610","1543"
"23620","1543"
"23630","1543"
"23640","1543"
"23650","1543"
"23660","1543"
"23670","1543"
"88111","1543"
"23710","1544"
"23720","1544"
"88111","1544"
"23911","1549"
"23912","1549"
"23913","1549"
"23914","1549"
"23991","1549"
"23992","1549"
"23993","1549"
"23994","1549"
"23995","1549"
"23996","1549"
"23999","1549"
"88111","1549"
"24110","1551"
"24120","1551"
"24130","1551"
"88111","1551"
"24211","1552"
"24212","1552"
"24213","1552"
"24220","1552"
"88111","1552"
"24310","1553"
"24320","1553"
"88111","1553"
"24410","1554"
"24490","1554"
"88111","1554"
"25010","1600"
"25090","1600"
"88112","1600"
"21612","1711"
"26110","1711"
"26120","1711"
"26130","1711"
"26140","1711"
"26150","1711"
"26160","1711"
"26170","1711"
"26190","1711"
"26210","1711"
"26220","1711"
"26310","1711"
"26320","1711"
"26330","1711"
"26340","1711"
"26350","1711"
"26360","1711"
"26370","1711"
"26380","1711"
"26410","1711"
"26420","1711"
"26430","1711"
"26440","1711"
"26450","1711"
"26460","1711"
"26510","1711"
"26520","1711"
"26530","1711"
"26540","1711"
"26550","1711"
"26560","1711"
"26570","1711"
"26590","1711"
"26610","1711"
"26620","1711"
"26630","1711"
"26690","1711"
"26710","1711"
"26720","1711"
"26730","1711"
"26740","1711"
"26750","1711"
"26760","1711"
"26770","1711"
"26790","1711"
"26810","1711"
"26820","1711"
"26830","1711"
"26840","1711"
"26850","1711"
"26860","1711"
"26870","1711"
"26880","1711"
"26890","1711"
"88121","1711"
"88121","1712"
"27110","1721"
"27120","1721"
"27130","1721"
"27140","1721"
"27150","1721"
"27160","1721"
"27170","1721"
"27180","1721"
"27190","1721"
"88121","1721"
"27210","1722"
"27220","1722"
"27230","1722"
"27290","1722"
"88121","1722"
"27310","1723"
"27320","1723"
"88121","1723"
"27911","1729"
"27912","1729"
"27913","1729"
"27921","1729"
"27922","1729"
"27991","1729"
"27992","1729"
"27993","1729"
"27994","1729"
"27995","1729"
"27996","1729"
"27997","1729"
"27998","1729"
"27999","1729"
"88121","1729"
"28110","1730"
"28190","1730"
"28210","1730"
"28226","1730"
"88121","1730"
"28221","1810"
"28222","1810"
"28223","1810"
"28224","1810"
"28225","1810"
"28227","1810"
"28228","1810"
"28229","1810"
"28231","1810"
"28232","1810"
"28233","1810"
"28234","1810"
"28235","1810"
"28236","1810"
"28237","1810"
"28238","1810"
"28241","1810"
"28242","1810"
"28250","1810"
"28261","1810"
"28262","1810"
"28269","1810"
"88122","1810"
"28310","1820"
"28320","1820"
"28330","1820"
"88122","1820"
"29110","1911"
"29120","1911"
"29130","1911"
"88123","1911"
"29210","1912"
"29220","1912"
"29230","1912"
"29290","1912"
"88123","1912"
"29310","1920"
"29320","1920"
"29330","1920"
"29340","1920"
"29410","1920"
"29420","1920"
"29490","1920"
"29510","1920"
"29520","1920"
"29600","1920"
"88123","1920"
"31100","2010"
"31210","2010"
"31220","2010"
"31230","2010"
"31310","2010"
"31320","2010"
"88125","2010"
"31410","2021"
"31420","2021"
"31430","2021"
"31440","2021"
"31510","2021"
"31520","2021"
"88130","2021"
"31600","2022"
"38700","2022"
"88130","2022"
"31700","2023"
"88130","2023"
"31911","2029"
"31912","2029"
"31913","2029"
"31914","2029"
"31921","2029"
"31922","2029"
"31923","2029"
"88130","2029"
"32111","2101"
"32112","2101"
"32113","2101"
"32121","2101"
"32122","2101"
"32129","2101"
"32131","2101"
"32132","2101"
"32133","2101"
"32134","2101"
"32135","2101"
"32136","2101"
"32137","2101"
"32141","2101"
"32142","2101"
"32143","2101"
"32149","2101"
"88140","2101"
"32151","2102"
"32152","2102"
"32153","2102"
"88140","2102"
"32191","2109"
"32192","2109"
"32193","2109"
"32194","2109"
"32195","2109"
"32196","2109"
"32197","2109"
"32198","2109"
"32199","2109"
"32600","2109"
"88140","2109"
"32210","2211"
"32220","2211"
"32230","2211"
"32240","2211"
"32250","2211"
"47520","2211"
"83631","2211"
"89110","2211"
"32300","2212"
"32400","2212"
"83631","2212"
"89110","2212"
"32260","2213"
"47520","2213"
"89110","2213"
"89110","2214"
"32510","2219"
"32520","2219"
"32540","2219"
"32560","2219"
"83631","2219"
"32530","2221"
"32590","2221"
"32600","2221"
"89121","2221"
"32600","2222"
"32700","2222"
"89121","2222"
"47520","2230"
"47600","2230"
"89122","2230"
"33100","2310"
"33200","2310"
"88150","2310"
"33310","2320"
"33320","2320"
"33330","2320"
"33340","2320"
"33350","2320"
"33360","2320"
"33370","2320"
"33380","2320"
"33410","2320"
"33420","2320"
"33500","2320"
"88150","2320"
"33610","2330"
"33620","2330"
"33630","2330"
"33690","2330"
"33710","2330"
"88150","2330"
"34110","2411"
"34120","2411"
"34130","2411"
"34140","2411"
"34150","2411"
"34160","2411"
"34170","2411"
"34180","2411"
"34210","2411"
"34220","2411"
"34230","2411"
"34240","2411"
"34250","2411"
"34260","2411"
"34270","2411"
"34280","2411"
"34290","2411"
"34310","2411"
"34320","2411"
"34330","2411"
"34340","2411"
"34400","2411"
"34510","2411"
"34520","2411"
"34530","2411"
"34540","2411"
"34560","2411"
"34570","2411"
"88160","2411"
"34611","2412"
"34612","2412"
"34613","2412"
"34614","2412"
"34615","2412"
"34616","2412"
"34617","2412"
"34619","2412"
"88160","2412"
"34710","2413"
"34720","2413"
"34730","2413"
"34740","2413"
"34790","2413"
"34800","2413"
"88160","2413"
"34620","2421"
"88160","2421"
"35110","2422"
"35120","2422"
"35130","2422"
"88160","2422"
"35210","2423"
"35220","2423"
"35230","2423"
"35240","2423"
"35250","2423"
"35260","2423"
"35290","2423"
"88160","2423"
"34570","2424"
"35310","2424"
"35321","2424"
"35322","2424"
"35323","2424"
"35331","2424"
"35332","2424"
"35333","2424"
"35334","2424"
"88160","2424"
"34550","2429"
"35140","2429"
"35410","2429"
"35420","2429"
"35430","2429"
"35440","2429"
"35450","2429"
"35460","2429"
"35470","2429"
"35490","2429"
"47510","2429"
"47600","2429"
"48341","2429"
"48342","2429"
"88160","2429"
"35510","2430"
"35520","2430"
"35530","2430"
"35540","2430"
"35550","2430"
"35560","2430"
"88160","2430"
"36111","2511"
"36112","2511"
"36113","2511"
"36114","2511"
"36115","2511"
"36120","2511"
"88170","2511"
"36210","2519"
"36220","2519"
"36230","2519"
"36240","2519"
"36250","2519"
"36260","2519"
"36270","2519"
"88170","2519"
"28243","2520"
"36310","2520"
"36320","2520"
"36330","2520"
"36390","2520"
"36410","2520"
"36490","2520"
"36910","2520"
"36920","2520"
"36930","2520"
"36940","2520"
"36950","2520"
"36960","2520"
"36970","2520"
"36980","2520"
"36990","2520"
"88170","2520"
"89200","2520"
"37111","2610"
"37112","2610"
"37113","2610"
"37114","2610"
"37115","2610"
"37116","2610"
"37117","2610"
"37121","2610"
"37129","2610"
"37191","2610"
"37192","2610"
"37193","2610"
"37194","2610"
"37195","2610"
"37196","2610"
"37197","2610"
"37199","2610"
"88180","2610"
"37210","2691"
"37221","2691"
"37222","2691"
"37291","2691"
"37292","2691"
"37299","2691"
"88180","2691"
"37310","2692"
"37320","2692"
"37330","2692"
"37340","2692"
"88180","2692"
"37350","2693"
"37360","2693"
"37370","2693"
"88180","2693"
"37410","2694"
"37420","2694"
"37430","2694"
"37440","2694"
"37450","2694"
"88180","2694"
"37510","2695"
"37520","2695"
"37530","2695"
"37540","2695"
"37550","2695"
"37560","2695"
"37570","2695"
"88180","2695"
"37610","2696"
"37690","2696"
"88180","2696"
"37910","2699"
"37920","2699"
"37930","2699"
"37940","2699"
"37950","2699"
"37960","2699"
"37990","2699"
"88180","2699"
"41111","2710"
"41112","2710"
"41113","2710"
"41114","2710"
"41115","2710"
"41116","2710"
"41121","2710"
"41122","2710"
"41211","2710"
"41212","2710"
"41213","2710"
"41214","2710"
"41221","2710"
"41222","2710"
"41223","2710"
"41224","2710"
"41231","2710"
"41232","2710"
"41233","2710"
"41234","2710"
"41235","2710"
"41241","2710"
"41242","2710"
"41243","2710"
"41244","2710"
"41251","2710"
"41252","2710"
"41253","2710"
"41261","2710"
"41262","2710"
"41263","2710"
"41264","2710"
"41265","2710"
"41266","2710"
"41271","2710"
"41272","2710"
"41273","2710"
"41274","2710"
"41275","2710"
"41276","2710"
"41277","2710"
"41278","2710"
"88213","2710"
"41310","2720"
"41320","2720"
"41330","2720"
"41340","2720"
"41350","2720"
"41411","2720"
"41412","2720"
"41413","2720"
"41421","2720"
"41422","2720"
"41431","2720"
"41432","2720"
"41441","2720"
"41442","2720"
"41443","2720"
"41511","2720"
"41512","2720"
"41513","2720"
"41514","2720"
"41515","2720"
"41516","2720"
"41521","2720"
"41522","2720"
"41523","2720"
"41524","2720"
"41531","2720"
"41532","2720"
"41533","2720"
"41534","2720"
"41535","2720"
"41536","2720"
"41541","2720"
"41542","2720"
"41543","2720"
"41544","2720"
"41545","2720"
"41546","2720"
"41547","2720"
"41548","2720"
"41549","2720"
"41601","2720"
"41602","2720"
"41603","2720"
"41604","2720"
"88213","2720"
"89310","2731"
"89310","2732"
"38700","2811"
"42110","2811"
"42120","2811"
"42190","2811"
"87110","2811"
"87310","2811"
"88219","2811"
"42210","2812"
"42220","2812"
"44823","2812"
"44825","2812"
"44833","2812"
"87110","2812"
"87310","2812"
"88219","2812"
"42310","2813"
"42320","2813"
"42330","2813"
"42341","2813"
"42342","2813"
"87110","2813"
"87310","2813"
"88219","2813"
"89320","2891"
"88211","2892"
"88212","2892"
"42913","2893"
"42914","2893"
"42915","2893"
"42916","2893"
"42921","2893"
"42922","2893"
"42992","2893"
"44750","2893"
"87110","2893"
"88219","2893"
"42911","2899"
"42912","2899"
"42931","2899"
"42932","2899"
"42941","2899"
"42942","2899"
"42943","2899"
"42944","2899"
"42945","2899"
"42946","2899"
"42950","2899"
"42991","2899"
"42993","2899"
"42994","2899"
"42995","2899"
"42996","2899"
"42997","2899"
"42998","2899"
"42999","2899"
"87110","2899"
"88219","2899"
"43110","2911"
"43141","2911"
"43142","2911"
"43143","2911"
"43153","2911"
"43154","2911"
"43156","2911"
"87159","2911"
"87320","2911"
"88239","2911"
"43211","2912"
"43212","2912"
"43220","2912"
"43230","2912"
"43240","2912"
"43251","2912"
"43252","2912"
"43253","2912"
"43254","2912"
"87159","2912"
"87320","2912"
"88239","2912"
"43310","2913"
"43320","2913"
"43331","2913"
"43332","2913"
"87159","2913"
"88239","2913"
"43410","2914"
"43420","2914"
"43430","2914"
"87159","2914"
"87320","2914"
"88239","2914"
"43510","2915"
"43520","2915"
"43530","2915"
"43540","2915"
"43550","2915"
"43560","2915"
"43570","2915"
"43580","2915"
"87159","2915"
"87320","2915"
"88239","2915"
"43911","2919"
"43912","2919"
"43913","2919"
"43914","2919"
"43915","2919"
"43921","2919"
"43922","2919"
"43923","2919"
"43924","2919"
"43931","2919"
"43932","2919"
"43933","2919"
"43934","2919"
"43935","2919"
"43941","2919"
"43942","2919"
"43943","2919"
"43944","2919"
"43949","2919"
"87159","2919"
"87320","2919"
"88239","2919"
"44110","2921"
"44120","2921"
"44130","2921"
"44140","2921"
"44150","2921"
"44160","2921"
"44170","2921"
"44180","2921"
"44190","2921"
"87159","2921"
"87320","2921"
"88239","2921"
"44211","2922"
"44212","2922"
"44213","2922"
"44214","2922"
"44215","2922"
"44216","2922"
"44217","2922"
"44218","2922"
"44221","2922"
"44222","2922"
"44231","2922"
"44232","2922"
"44240","2922"
"44251","2922"
"44252","2922"
"44253","2922"
"44254","2922"
"44255","2922"
"87159","2922"
"88239","2922"
"44310","2923"
"44320","2923"
"87159","2923"
"87320","2923"
"88239","2923"
"44411","2924"
"44412","2924"
"44421","2924"
"44422","2924"
"44423","2924"
"44424","2924"
"44425","2924"
"44426","2924"
"44427","2924"
"44428","2924"
"44429","2924"
"44430","2924"
"44440","2924"
"44450","2924"
"44461","2924"
"44462","2924"
"87159","2924"
"87320","2924"
"88239","2924"
"44511","2925"
"44512","2925"
"44513","2925"
"44514","2925"
"44515","2925"
"44516","2925"
"44517","2925"
"44521","2925"
"44522","2925"
"44523","2925"
"87159","2925"
"87320","2925"
"88239","2925"
"44611","2926"
"44612","2926"
"44613","2926"
"44614","2926"
"44621","2926"
"44622","2926"
"44623","2926"
"44630","2926"
"44640","2926"
"44814","2926"
"87159","2926"
"87320","2926"
"88239","2926"
"44710","2927"
"44720","2927"
"44730","2927"
"44740","2927"
"44760","2927"
"87159","2927"
"88239","2927"
"44911","2929"
"44912","2929"
"44913","2929"
"44914","2929"
"44915","2929"
"44916","2929"
"44917","2929"
"44921","2929"
"44922","2929"
"44929","2929"
"87159","2929"
"87320","2929"
"88239","2929"
"44811","2930"
"44812","2930"
"44813","2930"
"44815","2930"
"44816","2930"
"44817","2930"
"44818","2930"
"44821","2930"
"44822","2930"
"44824","2930"
"44826","2930"
"44831","2930"
"44832","2930"
"88239","2930"
"45110","3000"
"45120","3000"
"45130","3000"
"45140","3000"
"45150","3000"
"45160","3000"
"45170","3000"
"45180","3000"
"45210","3000"
"45220","3000"
"45230","3000"
"45240","3000"
"45250","3000"
"45260","3000"
"45270","3000"
"45280","3000"
"45290","3000"
"87120","3000"
"87330","3000"
"88231","3000"
"46111","3110"
"46112","3110"
"46113","3110"
"46121","3110"
"46122","3110"
"46131","3110"
"46132","3110"
"87152","3110"
"87360","3110"
"88232","3110"
"46211","3120"
"46212","3120"
"46213","3120"
"46214","3120"
"46220","3120"
"87152","3120"
"87360","3120"
"88232","3120"
"46310","3130"
"46320","3130"
"46340","3130"
"46350","3130"
"46360","3130"
"87152","3130"
"87360","3130"
"88232","3130"
"46410","3140"
"46420","3140"
"46430","3140"
"87152","3140"
"87360","3140"
"88232","3140"
"46510","3150"
"46520","3150"
"46531","3150"
"46532","3150"
"46539","3150"
"46541","3150"
"46542","3150"
"87152","3150"
"87360","3150"
"88232","3150"
"46330","3190"
"46910","3190"
"46920","3190"
"46930","3190"
"46940","3190"
"46950","3190"
"46960","3190"
"87152","3190"
"87360","3190"
"88232","3190"
"47110","3210"
"47120","3210"
"47130","3210"
"47140","3210"
"47150","3210"
"47160","3210"
"47171","3210"
"47172","3210"
"47173","3210"
"47600","3210"
"88233","3210"
"47211","3220"
"47212","3220"
"47220","3220"
"47401","3220"
"47403","3220"
"87153","3220"
"87340","3220"
"88233","3220"
"47311","3230"
"47312","3230"
"47313","3230"
"47321","3230"
"47322","3230"
"47323","3230"
"47331","3230"
"47332","3230"
"47402","3230"
"47403","3230"
"87153","3230"
"87340","3230"
"88233","3230"
"48110","3311"
"48120","3311"
"48130","3311"
"48140","3311"
"48150","3311"
"48160","3311"
"48170","3311"
"48180","3311"
"87154","3311"
"87350","3311"
"88234","3311"
"48211","3312"
"48212","3312"
"48220","3312"
"48231","3312"
"48232","3312"
"48233","3312"
"48241","3312"
"48242","3312"
"48243","3312"
"48244","3312"
"48245","3312"
"48251","3312"
"48252","3312"
"48253","3312"
"48261","3312"
"48262","3312"
"48263","3312"
"48264","3312"
"48265","3312"
"48281","3312"
"48282","3312"
"48283","3312"
"87154","3312"
"87350","3312"
"88234","3312"
"48270","3313"
"48284","3313"
"87154","3313"
"87350","3313"
"88234","3313"
"48311","3320"
"48312","3320"
"48313","3320"
"48314","3320"
"48315","3320"
"48321","3320"
"48322","3320"
"48323","3320"
"48324","3320"
"48330","3320"
"48351","3320"
"48352","3320"
"48353","3320"
"87154","3320"
"87350","3320"
"88234","3320"
"48410","3330"
"48420","3330"
"48430","3330"
"48440","3330"
"48490","3330"
"87154","3330"
"87350","3330"
"88234","3330"
"43121","3410"
"43122","3410"
"43123","3410"
"49111","3410"
"49112","3410"
"49113","3410"
"49114","3410"
"49115","3410"
"49116","3410"
"49119","3410"
"49121","3410"
"88221","3410"
"49210","3420"
"49221","3420"
"49222","3420"
"49229","3420"
"49232","3420"
"87143","3420"
"88221","3420"
"43151","3430"
"49129","3430"
"49231","3430"
"88221","3430"
"49311","3511"
"49312","3511"
"49313","3511"
"49314","3511"
"49315","3511"
"49316","3511"
"49319","3511"
"49320","3511"
"49390","3511"
"87149","3511"
"88229","3511"
"49410","3512"
"49490","3512"
"87149","3512"
"88229","3512"
"49511","3520"
"49512","3520"
"49519","3520"
"49520","3520"
"49531","3520"
"49532","3520"
"49533","3520"
"49540","3520"
"87149","3520"
"88229","3520"
"43131","3530"
"43132","3530"
"43133","3530"
"43134","3530"
"43152","3530"
"43155","3530"
"49611","3530"
"49612","3530"
"49621","3530"
"49622","3530"
"49623","3530"
"49630","3530"
"49640","3530"
"87149","3530"
"88229","3530"
"49911","3591"
"49912","3591"
"49913","3591"
"49941","3591"
"88229","3591"
"49921","3592"
"49922","3592"
"49942","3592"
"87149","3592"
"88229","3592"
"49930","3599"
"87149","3599"
"88229","3599"
"38111","3610"
"38112","3610"
"38119","3610"
"38121","3610"
"38122","3610"
"38130","3610"
"38140","3610"
"38150","3610"
"38160","3610"
"87390","3610"
"88190","3610"
"38220","3691"
"38230","3691"
"38240","3691"
"38250","3691"
"88190","3691"
"38310","3692"
"38320","3692"
"38330","3692"
"38340","3692"
"38350","3692"
"38360","3692"
"87390","3692"
"88190","3692"
"38410","3693"
"38420","3693"
"38430","3693"
"38440","3693"
"38450","3693"
"87390","3693"
"88190","3693"
"38510","3694"
"38520","3694"
"38530","3694"
"38540","3694"
"38550","3694"
"38560","3694"
"38570","3694"
"38580","3694"
"38590","3694"
"87390","3694"
"88190","3694"
"38600","3699"
"38911","3699"
"38912","3699"
"38921","3699"
"38922","3699"
"38923","3699"
"38924","3699"
"38930","3699"
"38972","3699"
"38991","3699"
"38992","3699"
"38993","3699"
"38994","3699"
"38995","3699"
"38996","3699"
"38997","3699"
"38998","3699"
"38999","3699"
"87390","3699"
"88190","3699"
"89410","3710"
"89420","3720"
"17100","4010"
"33720","4010"
"61197","4010"
"61297","4010"
"69111","4010"
"69112","4010"
"86311","4010"
"86312","4010"
"17200","4020"
"69120","4020"
"86320","4020"
"17300","4030"
"69220","4030"
"86340","4030"
"18000","4100"
"61197","4100"
"61297","4100"
"69210","4100"
"86330","4100"
"54310","4510"
"54320","4510"
"54330","4510"
"54111","4520"
"54112","4520"
"54121","4520"
"54122","4520"
"54129","4520"
"54210","4520"
"54220","4520"
"54230","4520"
"54241","4520"
"54242","4520"
"54251","4520"
"54252","4520"
"54260","4520"
"54270","4520"
"54290","4520"
"54341","4520"
"54342","4520"
"54400","4520"
"54511","4520"
"54512","4520"
"54521","4520"
"54522","4520"
"54530","4520"
"54540","4520"
"54550","4520"
"54560","4520"
"54570","4520"
"54590","4520"
"54530","4530"
"54611","4530"
"54612","4530"
"54613","4530"
"54614","4530"
"54619","4530"
"54621","4530"
"54622","4530"
"54631","4530"
"54632","4530"
"54640","4530"
"54650","4530"
"54691","4530"
"54699","4530"
"54770","4530"
"54710","4540"
"54720","4540"
"54730","4540"
"54740","4540"
"54750","4540"
"54760","4540"
"54790","4540"
"54800","4550"
"61181","5010"
"61281","5010"
"62281","5010"
"62381","5010"
"62481","5010"
"62581","5010"
"87141","5020"
"61181","5030"
"61281","5030"
"62281","5030"
"62381","5030"
"62481","5030"
"62581","5030"
"61181","5040"
"61281","5040"
"62281","5040"
"62381","5040"
"62481","5040"
"62581","5040"
"87142","5040"
"62291","5050"
"62491","5050"
"62591","5050"
"61211","5110"
"61212","5110"
"61213","5110"
"61214","5110"
"61215","5110"
"61219","5110"
"61221","5110"
"61222","5110"
"61223","5110"
"61224","5110"
"61225","5110"
"61226","5110"
"61227","5110"
"61228","5110"
"61229","5110"
"61231","5110"
"61232","5110"
"61233","5110"
"61234","5110"
"61241","5110"
"61242","5110"
"61243","5110"
"61244","5110"
"61245","5110"
"61246","5110"
"61249","5110"
"61251","5110"
"61252","5110"
"61253","5110"
"61254","5110"
"61255","5110"
"61256","5110"
"61259","5110"
"61261","5110"
"61262","5110"
"61263","5110"
"61264","5110"
"61265","5110"
"61271","5110"
"61272","5110"
"61273","5110"
"61274","5110"
"61275","5110"
"61276","5110"
"61282","5110"
"61283","5110"
"61284","5110"
"61285","5110"
"61286","5110"
"61287","5110"
"61289","5110"
"61291","5110"
"61292","5110"
"61293","5110"
"61294","5110"
"61295","5110"
"61296","5110"
"61299","5110"
"61111","5121"
"61112","5121"
"61113","5121"
"61114","5121"
"61115","5121"
"61119","5121"
"61121","5122"
"61122","5122"
"61123","5122"
"61124","5122"
"61125","5122"
"61126","5122"
"61127","5122"
"61128","5122"
"61129","5122"
"61131","5131"
"61132","5131"
"61133","5131"
"61134","5131"
"61141","5139"
"61142","5139"
"61143","5139"
"61144","5139"
"61145","5139"
"61146","5139"
"61149","5139"
"61151","5139"
"61152","5139"
"61153","5139"
"61154","5139"
"61155","5139"
"61156","5139"
"61159","5139"
"61163","5139"
"61173","5139"
"61174","5139"
"61175","5139"
"61176","5139"
"61185","5139"
"61194","5139"
"61191","5141"
"61192","5142"
"61161","5143"
"61162","5143"
"61164","5143"
"61165","5143"
"61193","5143"
"61171","5149"
"61172","5149"
"61195","5149"
"61196","5149"
"61184","5151"
"61189","5152"
"61182","5159"
"61183","5159"
"61185","5159"
"61186","5159"
"61187","5159"
"61189","5159"
"61199","5190"
"62111","5211"
"62112","5211"
"62114","5211"
"62115","5211"
"62121","5211"
"62122","5211"
"62123","5211"
"62124","5211"
"62125","5211"
"62126","5211"
"62127","5211"
"62128","5211"
"62129","5211"
"62131","5211"
"62132","5211"
"62133","5211"
"62134","5211"
"62141","5211"
"62142","5211"
"62143","5211"
"62144","5211"
"62145","5211"
"62146","5211"
"62149","5211"
"62151","5211"
"62152","5211"
"62153","5211"
"62154","5211"
"62155","5211"
"62156","5211"
"62159","5211"
"62161","5211"
"62162","5211"
"62163","5211"
"62164","5211"
"62165","5211"
"62172","5211"
"62173","5211"
"62174","5211"
"62175","5211"
"62176","5211"
"62182","5211"
"62183","5211"
"62184","5211"
"62185","5211"
"62191","5211"
"62194","5211"
"62199","5211"
"62511","5211"
"62512","5211"
"62514","5211"
"62515","5211"
"62521","5211"
"62522","5211"
"62523","5211"
"62524","5211"
"62525","5211"
"62526","5211"
"62527","5211"
"62528","5211"
"62529","5211"
"62531","5211"
"62532","5211"
"62533","5211"
"62534","5211"
"62541","5211"
"62542","5211"
"62543","5211"
"62544","5211"
"62545","5211"
"62546","5211"
"62549","5211"
"62551","5211"
"62552","5211"
"62553","5211"
"62554","5211"
"62555","5211"
"62556","5211"
"62559","5211"
"62561","5211"
"62562","5211"
"62563","5211"
"62564","5211"
"62565","5211"
"62572","5211"
"62573","5211"
"62574","5211"
"62575","5211"
"62576","5211"
"62582","5211"
"62583","5211"
"62584","5211"
"62585","5211"
"62591","5211"
"62594","5211"
"62599","5211"
"62111","5219"
"62112","5219"
"62114","5219"
"62115","5219"
"62121","5219"
"62122","5219"
"62123","5219"
"62124","5219"
"62125","5219"
"62126","5219"
"62127","5219"
"62128","5219"
"62129","5219"
"62131","5219"
"62132","5219"
"62133","5219"
"62134","5219"
"62141","5219"
"62142","5219"
"62143","5219"
"62144","5219"
"62145","5219"
"62146","5219"
"62149","5219"
"62151","5219"
"62152","5219"
"62153","5219"
"62154","5219"
"62155","5219"
"62156","5219"
"62159","5219"
"62161","5219"
"62162","5219"
"62163","5219"
"62164","5219"
"62165","5219"
"62172","5219"
"62173","5219"
"62174","5219"
"62175","5219"
"62176","5219"
"62182","5219"
"62183","5219"
"62184","5219"
"62185","5219"
"62191","5219"
"62194","5219"
"62199","5219"
"62511","5219"
"62512","5219"
"62514","5219"
"62515","5219"
"62521","5219"
"62522","5219"
"62523","5219"
"62524","5219"
"62525","5219"
"62526","5219"
"62527","5219"
"62528","5219"
"62529","5219"
"62531","5219"
"62532","5219"
"62533","5219"
"62534","5219"
"62541","5219"
"62542","5219"
"62543","5219"
"62544","5219"
"62545","5219"
"62546","5219"
"62549","5219"
"62551","5219"
"62552","5219"
"62553","5219"
"62554","5219"
"62555","5219"
"62556","5219"
"62559","5219"
"62561","5219"
"62562","5219"
"62563","5219"
"62564","5219"
"62565","5219"
"62572","5219"
"62573","5219"
"62574","5219"
"62575","5219"
"62576","5219"
"62582","5219"
"62583","5219"
"62584","5219"
"62585","5219"
"62591","5219"
"62594","5219"
"62599","5219"
"62221","5220"
"62222","5220"
"62223","5220"
"62224","5220"
"62225","5220"
"62226","5220"
"62227","5220"
"62228","5220"
"62229","5220"
"62521","5220"
"62522","5220"
"62523","5220"
"62524","5220"
"62525","5220"
"62526","5220"
"62527","5220"
"62528","5220"
"62529","5220"
"62273","5231"
"62274","5231"
"62275","5231"
"62573","5231"
"62574","5231"
"62575","5231"
"62231","5232"
"62233","5232"
"62234","5232"
"62256","5232"
"62531","5232"
"62533","5232"
"62534","5232"
"62556","5232"
"62232","5233"
"62241","5233"
"62242","5233"
"62243","5233"
"62244","5233"
"62245","5233"
"62246","5233"
"62249","5233"
"62532","5233"
"62541","5233"
"62542","5233"
"62543","5233"
"62544","5233"
"62545","5233"
"62546","5233"
"62549","5233"
"62261","5234"
"62262","5234"
"62264","5234"
"62265","5234"
"62561","5234"
"62562","5234"
"62564","5234"
"62565","5234"
"62211","5239"
"62212","5239"
"62214","5239"
"62215","5239"
"62251","5239"
"62252","5239"
"62253","5239"
"62254","5239"
"62255","5239"
"62259","5239"
"62263","5239"
"62272","5239"
"62276","5239"
"62282","5239"
"62283","5239"
"62284","5239"
"62285","5239"
"62291","5239"
"62294","5239"
"62299","5239"
"62511","5239"
"62512","5239"
"62514","5239"
"62515","5239"
"62551","5239"
"62552","5239"
"62553","5239"
"62554","5239"
"62555","5239"
"62559","5239"
"62563","5239"
"62572","5239"
"62576","5239"
"62582","5239"
"62583","5239"
"62584","5239"
"62585","5239"
"62591","5239"
"62594","5239"
"62599","5239"
"62131","5240"
"62132","5240"
"62133","5240"
"62134","5240"
"62141","5240"
"62142","5240"
"62143","5240"
"62144","5240"
"62145","5240"
"62146","5240"
"62149","5240"
"62151","5240"
"62152","5240"
"62153","5240"
"62154","5240"
"62155","5240"
"62156","5240"
"62159","5240"
"62165","5240"
"62174","5240"
"62182","5240"
"62183","5240"
"62184","5240"
"62185","5240"
"62199","5240"
"62231","5240"
"62232","5240"
"62233","5240"
"62234","5240"
"62241","5240"
"62242","5240"
"62243","5240"
"62244","5240"
"62245","5240"
"62246","5240"
"62249","5240"
"62251","5240"
"62252","5240"
"62253","5240"
"62254","5240"
"62255","5240"
"62256","5240"
"62259","5240"
"62265","5240"
"62274","5240"
"62282","5240"
"62283","5240"
"62284","5240"
"62285","5240"
"62531","5240"
"62532","5240"
"62533","5240"
"62534","5240"
"62541","5240"
"62542","5240"
"62543","5240"
"62544","5240"
"62545","5240"
"62546","5240"
"62549","5240"
"62551","5240"
"62552","5240"
"62553","5240"
"62554","5240"
"62555","5240"
"62556","5240"
"62559","5240"
"62565","5240"
"62574","5240"
"62582","5240"
"62583","5240"
"62584","5240"
"62585","5240"
"62311","5251"
"62312","5251"
"62314","5251"
"62315","5251"
"62321","5251"
"62322","5251"
"62323","5251"
"62324","5251"
"62325","5251"
"62326","5251"
"62327","5251"
"62328","5251"
"62329","5251"
"62331","5251"
"62332","5251"
"62333","5251"
"62334","5251"
"62341","5251"
"62342","5251"
"62343","5251"
"62344","5251"
"62345","5251"
"62346","5251"
"62349","5251"
"62351","5251"
"62352","5251"
"62353","5251"
"62354","5251"
"62355","5251"
"62356","5251"
"62359","5251"
"62361","5251"
"62362","5251"
"62363","5251"
"62364","5251"
"62365","5251"
"62372","5251"
"62373","5251"
"62374","5251"
"62375","5251"
"62376","5251"
"62382","5251"
"62383","5251"
"62384","5251"
"62385","5251"
"62394","5251"
"62399","5251"
"62511","5251"
"62512","5251"
"62514","5251"
"62515","5251"
"62521","5251"
"62522","5251"
"62523","5251"
"62524","5251"
"62525","5251"
"62526","5251"
"62527","5251"
"62528","5251"
"62529","5251"
"62531","5251"
"62532","5251"
"62533","5251"
"62534","5251"
"62541","5251"
"62542","5251"
"62543","5251"
"62544","5251"
"62545","5251"
"62546","5251"
"62549","5251"
"62551","5251"
"62552","5251"
"62553","5251"
"62554","5251"
"62555","5251"
"62556","5251"
"62559","5251"
"62561","5251"
"62562","5251"
"62563","5251"
"62564","5251"
"62565","5251"
"62572","5251"
"62573","5251"
"62574","5251"
"62575","5251"
"62576","5251"
"62582","5251"
"62583","5251"
"62584","5251"
"62585","5251"
"62594","5251"
"62411","5252"
"62412","5252"
"62414","5252"
"62415","5252"
"62421","5252"
"62422","5252"
"62423","5252"
"62424","5252"
"62425","5252"
"62426","5252"
"62427","5252"
"62428","5252"
"62429","5252"
"62431","5252"
"62432","5252"
"62433","5252"
"62434","5252"
"62441","5252"
"62442","5252"
"62443","5252"
"62444","5252"
"62445","5252"
"62446","5252"
"62449","5252"
"62451","5252"
"62452","5252"
"62453","5252"
"62454","5252"
"62455","5252"
"62456","5252"
"62459","5252"
"62461","5252"
"62462","5252"
"62463","5252"
"62464","5252"
"62465","5252"
"62472","5252"
"62473","5252"
"62474","5252"
"62475","5252"
"62476","5252"
"62482","5252"
"62483","5252"
"62484","5252"
"62485","5252"
"62491","5252"
"62494","5252"
"62499","5252"
"62511","5252"
"62512","5252"
"62514","5252"
"62515","5252"
"62519","5252"
"62521","5252"
"62522","5252"
"62523","5252"
"62524","5252"
"62525","5252"
"62526","5252"
"62527","5252"
"62528","5252"
"62529","5252"
"62531","5252"
"62532","5252"
"62533","5252"
"62534","5252"
"62541","5252"
"62542","5252"
"62543","5252"
"62544","5252"
"62545","5252"
"62546","5252"
"62549","5252"
"62551","5252"
"62552","5252"
"62553","5252"
"62554","5252"
"62555","5252"
"62556","5252"
"62559","5252"
"62561","5252"
"62562","5252"
"62563","5252"
"62564","5252"
"62565","5252"
"62572","5252"
"62573","5252"
"62574","5252"
"62575","5252"
"62576","5252"
"62582","5252"
"62583","5252"
"62584","5252"
"62585","5252"
"62591","5252"
"62594","5252"
"62599","5252"
"62411","5259"
"62412","5259"
"62414","5259"
"62415","5259"
"62421","5259"
"62422","5259"
"62423","5259"
"62424","5259"
"62425","5259"
"62426","5259"
"62427","5259"
"62428","5259"
"62429","5259"
"62431","5259"
"62432","5259"
"62433","5259"
"62434","5259"
"62441","5259"
"62442","5259"
"62443","5259"
"62444","5259"
"62445","5259"
"62446","5259"
"62449","5259"
"62451","5259"
"62452","5259"
"62453","5259"
"62454","5259"
"62455","5259"
"62456","5259"
"62459","5259"
"62461","5259"
"62462","5259"
"62463","5259"
"62464","5259"
"62465","5259"
"62472","5259"
"62473","5259"
"62474","5259"
"62475","5259"
"62476","5259"
"62482","5259"
"62483","5259"
"62484","5259"
"62485","5259"
"62491","5259"
"62494","5259"
"62499","5259"
"62511","5259"
"62512","5259"
"62514","5259"
"62515","5259"
"62519","5259"
"62521","5259"
"62522","5259"
"62523","5259"
"62524","5259"
"62525","5259"
"62526","5259"
"62527","5259"
"62528","5259"
"62529","5259"
"62531","5259"
"62532","5259"
"62533","5259"
"62534","5259"
"62541","5259"
"62542","5259"
"62543","5259"
"62544","5259"
"62545","5259"
"62546","5259"
"62549","5259"
"62551","5259"
"62552","5259"
"62553","5259"
"62554","5259"
"62555","5259"
"62556","5259"
"62559","5259"
"62561","5259"
"62562","5259"
"62563","5259"
"62564","5259"
"62565","5259"
"62572","5259"
"62573","5259"
"62574","5259"
"62575","5259"
"62576","5259"
"62582","5259"
"62583","5259"
"62584","5259"
"62585","5259"
"62591","5259"
"62594","5259"
"62599","5259"
"87151","5260"
"87210","5260"
"87220","5260"
"87230","5260"
"87240","5260"
"87290","5260"
"63110","5510"
"63191","5510"
"63192","5510"
"63193","5510"
"63194","5510"
"63195","5510"
"63199","5510"
"63210","5520"
"63220","5520"
"63230","5520"
"63290","5520"
"63300","5520"
"64100","6010"
"64211","6010"
"64221","6010"
"64222","6010"
"64223","6010"
"64224","6010"
"64229","6010"
"64230","6010"
"64100","6021"
"64212","6021"
"64311","6021"
"64312","6021"
"64313","6021"
"64314","6021"
"64319","6021"
"64321","6022"
"64322","6022"
"64323","6022"
"64324","6022"
"64329","6022"
"64331","6023"
"64332","6023"
"64333","6023"
"64334","6023"
"64335","6023"
"64336","6023"
"64339","6023"
"64350","6023"
"64410","6030"
"64490","6030"
"65111","6110"
"65119","6110"
"65121","6110"
"65122","6110"
"65123","6110"
"65129","6110"
"65130","6110"
"65140","6110"
"65211","6120"
"65219","6120"
"65221","6120"
"65222","6120"
"65229","6120"
"65230","6120"
"65240","6120"
"66110","6210"
"66210","6210"
"66290","6210"
"66400","6210"
"66120","6220"
"66210","6220"
"66290","6220"
"66300","6220"
"66400","6220"
"67110","6301"
"67190","6301"
"67210","6302"
"67220","6302"
"67290","6302"
"67300","6303"
"67400","6303"
"67510","6303"
"67520","6303"
"67530","6303"
"67590","6303"
"67610","6303"
"67620","6303"
"67630","6303"
"67690","6303"
"67710","6303"
"67720","6303"
"67790","6303"
"67811","6304"
"67812","6304"
"67813","6304"
"67820","6304"
"67910","6309"
"67990","6309"
"68111","6411"
"68112","6411"
"68113","6411"
"68119","6411"
"64340","6412"
"68120","6412"
"84110","6420"
"84121","6420"
"84122","6420"
"84131","6420"
"84132","6420"
"84140","6420"
"84150","6420"
"84160","6420"
"84170","6420"
"84210","6420"
"84220","6420"
"84290","6420"
"71100","6511"
"71100","6519"
"71100","6591"
"71100","6592"
"71200","6599"
"71511","6599"
"71512","6599"
"71519","6599"
"73340","6599"
"73390","6599"
"71311","6601"
"71410","6601"
"71312","6602"
"71320","6603"
"71331","6603"
"71332","6603"
"71333","6603"
"71334","6603"
"71335","6603"
"71336","6603"
"71339","6603"
"71420","6603"
"71430","6603"
"71541","6711"
"71542","6711"
"71549","6711"
"71521","6712"
"71522","6712"
"71531","6712"
"71532","6712"
"71533","6712"
"71523","6719"
"71551","6719"
"71552","6719"
"71553","6719"
"71559","6719"
"71610","6720"
"71620","6720"
"71630","6720"
"71690","6720"
"72111","7010"
"72112","7010"
"72121","7010"
"72122","7010"
"72130","7010"
"72211","7020"
"72212","7020"
"72221","7020"
"72222","7020"
"72230","7020"
"72240","7020"
"73111","7111"
"73112","7111"
"73113","7111"
"73114","7111"
"73117","7111"
"73115","7112"
"73116","7113"
"73121","7121"
"73122","7122"
"73123","7123"
"73124","7123"
"73125","7129"
"73129","7129"
"73210","7130"
"73220","7130"
"73230","7130"
"73240","7130"
"73250","7130"
"73260","7130"
"73270","7130"
"73290","7130"
"83141","7210"
"47520","7221"
"73310","7221"
"83142","7229"
"83149","7229"
"83160","7229"
"83150","7230"
"83633","7230"
"85960","7230"
"83633","7240"
"84300","7240"
"87130","7250"
"83149","7290"
"81110","7310"
"81120","7310"
"81130","7310"
"81140","7310"
"81150","7310"
"81190","7310"
"81300","7310"
"81210","7320"
"81220","7320"
"81230","7320"
"81240","7320"
"81290","7320"
"81300","7320"
"82111","7411"
"82119","7411"
"82120","7411"
"82130","7411"
"82199","7411"
"82211","7412"
"82212","7412"
"82213","7412"
"82219","7412"
"82220","7412"
"82310","7412"
"82320","7412"
"82330","7412"
"82400","7412"
"83700","7413"
"82191","7414"
"83111","7414"
"83112","7414"
"83113","7414"
"83114","7414"
"83115","7414"
"83119","7414"
"83121","7414"
"83129","7414"
"83190","7414"
"32550","7421"
"83131","7421"
"83139","7421"
"83211","7421"
"83212","7421"
"83219","7421"
"83221","7421"
"83222","7421"
"83311","7421"
"83312","7421"
"83313","7421"
"83319","7421"
"83321","7421"
"83322","7421"
"83323","7421"
"83329","7421"
"83331","7421"
"83332","7421"
"83333","7421"
"83339","7421"
"83341","7421"
"83342","7421"
"83343","7421"
"83349","7421"
"83351","7421"
"83352","7421"
"83353","7421"
"83359","7421"
"83391","7421"
"83392","7421"
"83393","7421"
"83399","7421"
"83510","7421"
"83520","7421"
"83530","7421"
"83540","7421"
"83550","7421"
"83990","7421"
"83561","7422"
"83562","7422"
"83563","7422"
"83564","7422"
"83569","7422"
"83610","7430"
"83620","7430"
"83639","7430"
"83690","7430"
"85111","7491"
"85112","7491"
"85121","7491"
"85122","7491"
"85123","7491"
"85124","7491"
"85129","7491"
"85210","7492"
"85220","7492"
"85230","7492"
"85240","7492"
"85250","7492"
"85290","7492"
"85310","7493"
"85320","7493"
"85330","7493"
"85340","7493"
"38941","7494"
"38942","7494"
"83811","7494"
"83812","7494"
"83813","7494"
"83814","7494"
"83815","7494"
"83819","7494"
"83820","7494"
"85400","7495"
"83410","7499"
"83490","7499"
"83910","7499"
"85910","7499"
"85920","7499"
"85931","7499"
"85939","7499"
"85940","7499"
"85950","7499"
"85970","7499"
"85990","7499"
"91111","7511"
"91112","7511"
"91113","7511"
"91114","7511"
"91119","7511"
"91121","7512"
"91122","7512"
"91123","7512"
"91124","7512"
"91131","7513"
"91132","7513"
"91133","7513"
"91134","7513"
"91135","7513"
"91136","7513"
"91137","7513"
"91138","7513"
"91141","7514"
"91149","7514"
"91210","7521"
"91220","7521"
"91230","7521"
"91240","7522"
"91250","7522"
"91260","7523"
"91270","7523"
"91280","7523"
"91290","7523"
"91310","7530"
"91320","7530"
"91330","7530"
"91340","7530"
"92110","8010"
"92190","8010"
"92210","8021"
"92220","8021"
"92230","8022"
"92310","8030"
"92390","8030"
"92900","8090"
"93110","8511"
"93121","8512"
"93122","8512"
"93123","8512"
"93191","8519"
"93192","8519"
"93193","8519"
"93199","8519"
"93210","8520"
"93220","8520"
"93290","8520"
"93311","8531"
"93319","8531"
"93321","8532"
"93322","8532"
"93323","8532"
"93324","8532"
"93329","8532"
"94110","9000"
"94120","9000"
"94211","9000"
"94212","9000"
"94221","9000"
"94222","9000"
"94310","9000"
"94390","9000"
"94900","9000"
"95110","9111"
"95120","9112"
"95200","9120"
"95910","9191"
"95920","9192"
"95991","9199"
"95992","9199"
"95993","9199"
"95999","9199"
"38950","9211"
"73320","9211"
"83639","9211"
"96111","9211"
"96112","9211"
"96121","9211"
"96122","9211"
"96130","9211"
"96141","9211"
"96142","9211"
"96149","9211"
"96151","9212"
"96152","9212"
"73320","9213"
"83632","9213"
"96121","9213"
"96122","9213"
"96160","9213"
"38960","9214"
"73320","9214"
"96210","9214"
"96220","9214"
"96230","9214"
"96290","9214"
"96310","9214"
"96320","9214"
"96210","9219"
"96220","9219"
"96910","9219"
"96990","9219"
"84410","9220"
"84420","9220"
"84510","9231"
"84520","9231"
"96411","9232"
"96412","9232"
"96421","9233"
"96422","9233"
"96510","9241"
"96520","9241"
"96590","9241"
"96610","9241"
"96620","9241"
"83639","9249"
"96620","9249"
"96920","9249"
"96930","9249"
"96990","9249"
"97110","9301"
"97120","9301"
"97130","9301"
"97140","9301"
"97150","9301"
"38971","9302"
"97210","9302"
"97220","9302"
"97290","9302"
"97310","9303"
"97320","9303"
"86129","9309"
"97230","9309"
"97910","9309"
"97990","9309"
"98000","9500"
"99000","9900"
"39110","1511"
"39120","1531"
"39130","1532"
"39140","1542"
"39150","1543"
"39160","1551"
"39170","1552"
"39180","1600"
"39211","1711"
"39212","1711"
"39213","1711"
"39214","1711"
"39215","1711"
"39216","1711"
"39217","1711"
"39218","1711"
"39220","1911"
"39230","2010"
"39240","2101"
"39250","2519"
"39260","2511"
"39270","2520"
"39280","2029"
"39310","2710"
"39320","2710"
"39331","2720"
"39332","2720"
"39333","2720"
"39340","2710"
"39350","2731"
"39360","2710"
"39370","3511"
"39380","3140"
"39910","3710"
"39920","3710"
"39930","3710"
"39940","2429"
"39950","2429"
"39990","3710"
