"HS02","CPC"
"100110","01110"
"100190","01110"
"100510","01120"
"100590","01120"
"100610","01130"
"100620","01140"
"100300","01150"
"100200","01160"
"100400","01160"
"100700","01190"
"100810","01190"
"100820","01190"
"100830","01190"
"100890","01190"
"070110","01210"
"070190","01210"
"071310","01220"
"071320","01220"
"071331","01220"
"071332","01220"
"071333","01220"
"071339","01220"
"071340","01220"
"071350","01220"
"071390","01220"
"121210","01231"
"070200","01239"
"070310","01239"
"070320","01239"
"070390","01239"
"070410","01239"
"070420","01239"
"070490","01239"
"070511","01239"
"070519","01239"
"070521","01239"
"070529","01239"
"070610","01239"
"070690","01239"
"070700","01239"
"070810","01239"
"070820","01239"
"070890","01239"
"070910","01239"
"070920","01239"
"070930","01239"
"070940","01239"
"070951","01239"
"070952","01239"
"070959","01239"
"070960","01239"
"070970","01239"
"070990","01239"
"071410","01240"
"071420","01240"
"071490","01240"
"080111","01310"
"080119","01310"
"080121","01310"
"080122","01310"
"080131","01310"
"080132","01310"
"080300","01310"
"080410","01310"
"080420","01310"
"080430","01310"
"080440","01310"
"080450","01310"
"080510","01320"
"080520","01320"
"080540","01320"
"080550","01320"
"080590","01320"
"080610","01330"
"080711","01341"
"080719","01341"
"080720","01349"
"080810","01349"
"080820","01349"
"080910","01349"
"080920","01349"
"080930","01349"
"080940","01349"
"081010","01349"
"081020","01349"
"081030","01349"
"081040","01349"
"081050","01349"
"081060","01349"
"081090","01349"
"080620","01350"
"081310","01350"
"081320","01350"
"081330","01350"
"081340","01350"
"081350","01350"
"080211","01360"
"080212","01360"
"080221","01360"
"080222","01360"
"080231","01360"
"080232","01360"
"080240","01360"
"080250","01360"
"080290","01360"
"120100","01410"
"120210","01420"
"120220","01420"
"120510","01430"
"120590","01430"
"120600","01430"
"120740","01430"
"120750","01430"
"120760","01430"
"120720","01440"
"120300","01490"
"120400","01490"
"120710","01490"
"120730","01490"
"120791","01490"
"120799","01490"
"060110","01510"
"060120","01510"
"060210","01510"
"060220","01510"
"060230","01510"
"060240","01510"
"060290","01510"
"060310","01520"
"060390","01520"
"120930","01530"
"120999","01530"
"120991","01540"
"090111","01611"
"090220","01612"
"090240","01612"
"090300","01613"
"180100","01614"
"090411","01620"
"090412","01620"
"090420","01620"
"090500","01620"
"090610","01620"
"090620","01620"
"090700","01620"
"090810","01620"
"090820","01620"
"090830","01620"
"090910","01620"
"090920","01620"
"090930","01620"
"090940","01620"
"090950","01620"
"091010","01620"
"091020","01620"
"091030","01620"
"091040","01620"
"091050","01620"
"091091","01620"
"091099","01620"
"240120","01710"
"240110","01790"
"121291","01810"
"121299","01820"
"121300","01910"
"121490","01910"
"520100","01921"
"530310","01922"
"530110","01923"
"530210","01923"
"530410","01923"
"530511","01923"
"530521","01923"
"530590","01923"
"121110","01930"
"121120","01930"
"121130","01930"
"121140","01930"
"121190","01930"
"120910","01940"
"120921","01940"
"120922","01940"
"120923","01940"
"120924","01940"
"120925","01940"
"120926","01940"
"120929","01940"
"121010","01990"
"121020","01990"
"121299","01990"
"010210","02111"
"010290","02111"
"010410","02112"
"010420","02112"
"010110","02113"
"010190","02113"
"010310","02121"
"010391","02121"
"010392","02121"
"010511","02122"
"010512","02122"
"010519","02122"
"010592","02122"
"010593","02122"
"010599","02122"
"010611","02129"
"010612","02129"
"010619","02129"
"010620","02129"
"010631","02129"
"010632","02129"
"010639","02129"
"010690","02129"
"040120","02910"
"040700","02920"
"040900","02930"
"020820","02940"
"030760","02940"
"041000","02950"
"510111","02961"
"050300","02962"
"510119","02962"
"510220","02962"
"510211","02963"
"510219","02963"
"500100","02964"
"410120","02971"
"410150","02971"
"410190","02971"
"410210","02971"
"410221","02971"
"410229","02971"
"410310","02971"
"430110","02972"
"430160","02972"
"430170","02972"
"430180","02972"
"430190","02972"
"430130","02973"
"410320","02974"
"410330","02974"
"410390","02974"
"152190","02980"
"051110","02990"
"440320","03110"
"440341","03120"
"440349","03120"
"440391","03120"
"440392","03120"
"440399","03120"
"440110","03130"
"440410","03190"
"440420","03190"
"400110","03210"
"400121","03210"
"400122","03210"
"400129","03210"
"400130","03220"
"130110","03230"
"130120","03230"
"130190","03230"
"450110","03910"
"060410","03920"
"060491","03920"
"060499","03920"
"140110","03930"
"140120","03930"
"140190","03930"
"140200","03930"
"140300","03930"
"140410","03930"
"140490","03930"
"030110","04110"
"030191","04110"
"030192","04110"
"030193","04110"
"030199","04110"
"030211","04120"
"030212","04120"
"030219","04120"
"030221","04120"
"030222","04120"
"030223","04120"
"030229","04120"
"030231","04120"
"030232","04120"
"030233","04120"
"030234","04120"
"030235","04120"
"030236","04120"
"030239","04120"
"030240","04120"
"030250","04120"
"030261","04120"
"030262","04120"
"030263","04120"
"030264","04120"
"030265","04120"
"030266","04120"
"030269","04120"
"030621","04210"
"030622","04210"
"030623","04210"
"030624","04210"
"030629","04210"
"030710","04220"
"030721","04230"
"030731","04230"
"030741","04230"
"030751","04230"
"030791","04230"
"050800","04910"
"050900","04920"
"121220","04930"
"270111","11010"
"270112","11010"
"270119","11010"
"270120","11020"
"270210","11030"
"270220","11030"
"270300","11040"
"270900","12010"
"271111","12020"
"271121","12020"
"271410","12030"
"261210","13000"
"261220","13000"
"260111","14100"
"260112","14100"
"260300","14210"
"260400","14220"
"260600","14230"
"261610","14240"
"261690","14240"
"260200","14290"
"260500","14290"
"260700","14290"
"260800","14290"
"260900","14290"
"261000","14290"
"261100","14290"
"261310","14290"
"261390","14290"
"261400","14290"
"261510","14290"
"261590","14290"
"261710","14290"
"261790","14290"
"251400","15110"
"251511","15120"
"251512","15120"
"251520","15120"
"250621","15130"
"251611","15130"
"251612","15130"
"251621","15130"
"251622","15130"
"251690","15130"
"252010","15200"
"252100","15200"
"250510","15310"
"250590","15310"
"251710","15320"
"251720","15320"
"251730","15320"
"251741","15320"
"251749","15320"
"271490","15330"
"250700","15400"
"250810","15400"
"250820","15400"
"250830","15400"
"250840","15400"
"250850","15400"
"250860","15400"
"250870","15400"
"251010","16110"
"251020","16110"
"310410","16110"
"250200","16120"
"251110","16190"
"251120","16190"
"252810","16190"
"252890","16190"
"252921","16190"
"252922","16190"
"253020","16190"
"253090","16190"
"250100","16200"
"710210","16310"
"710231","16310"
"710310","16310"
"251311","16320"
"251319","16320"
"251320","16320"
"710221","16320"
"250900","16330"
"251810","16330"
"250410","16390"
"250490","16390"
"250610","16390"
"250629","16390"
"251200","16390"
"251910","16390"
"251990","16390"
"252400","16390"
"252510","16390"
"252520","16390"
"252530","16390"
"252610","16390"
"252620","16390"
"252910","16390"
"252930","16390"
"253010","16390"
"262110","16390"
"262190","16390"
"271600","17100"
"270500","17200"
"220190","18000"
"020110","21111"
"020120","21111"
"020130","21111"
"020210","21112"
"020220","21112"
"020230","21112"
"020311","21113"
"020312","21113"
"020319","21113"
"020321","21114"
"020322","21114"
"020329","21114"
"020410","21115"
"020421","21115"
"020422","21115"
"020423","21115"
"020430","21116"
"020441","21116"
"020442","21116"
"020443","21116"
"020450","21117"
"020500","21118"
"020610","21119"
"020621","21119"
"020622","21119"
"020629","21119"
"020630","21119"
"020641","21119"
"020649","21119"
"020680","21119"
"020690","21119"
"020711","21121"
"020713","21121"
"020724","21121"
"020726","21121"
"020732","21121"
"020734","21121"
"020735","21121"
"020712","21122"
"020714","21122"
"020725","21122"
"020727","21122"
"020733","21122"
"020736","21122"
"020810","21129"
"020830","21129"
"020840","21129"
"020850","21129"
"020890","21129"
"021011","21131"
"021012","21131"
"021019","21131"
"021020","21131"
"021091","21131"
"021092","21131"
"021093","21131"
"021099","21131"
"160100","21132"
"160220","21132"
"160231","21132"
"160232","21132"
"160239","21132"
"160241","21132"
"160242","21132"
"160249","21132"
"160250","21132"
"160290","21132"
"160300","21132"
"230110","21140"
"030270","21210"
"030410","21210"
"030311","21220"
"030319","21220"
"030321","21220"
"030322","21220"
"030329","21220"
"030331","21220"
"030332","21220"
"030333","21220"
"030339","21220"
"030341","21220"
"030342","21220"
"030343","21220"
"030344","21220"
"030345","21220"
"030346","21220"
"030349","21220"
"030350","21220"
"030360","21220"
"030371","21220"
"030372","21220"
"030373","21220"
"030374","21220"
"030375","21220"
"030376","21220"
"030377","21220"
"030378","21220"
"030379","21220"
"030380","21220"
"030420","21220"
"030490","21220"
"030510","21230"
"030520","21230"
"030530","21230"
"030541","21230"
"030542","21230"
"030549","21230"
"030551","21230"
"030559","21230"
"030561","21230"
"030562","21230"
"030563","21230"
"030569","21230"
"160411","21240"
"160412","21240"
"160413","21240"
"160414","21240"
"160415","21240"
"160416","21240"
"160419","21240"
"160420","21240"
"160430","21240"
"030611","21250"
"030612","21250"
"030613","21250"
"030614","21250"
"030619","21250"
"030729","21250"
"030739","21250"
"030749","21250"
"030759","21250"
"030799","21250"
"160510","21260"
"160520","21260"
"160530","21260"
"160540","21260"
"160590","21260"
"230120","21291"
"051191","21299"
"071010","21310"
"071021","21310"
"071022","21310"
"071029","21310"
"071030","21310"
"071040","21310"
"071080","21310"
"071090","21310"
"071120","21320"
"071130","21320"
"071140","21320"
"071151","21320"
"071159","21320"
"071190","21320"
"071220","21390"
"071231","21390"
"071232","21390"
"071233","21390"
"071239","21390"
"071290","21390"
"110510","21390"
"110520","21390"
"200110","21390"
"200190","21390"
"200210","21390"
"200290","21390"
"200310","21390"
"200320","21390"
"200390","21390"
"200410","21390"
"200490","21390"
"200520","21390"
"200540","21390"
"200551","21390"
"200559","21390"
"200560","21390"
"200570","21390"
"200580","21390"
"200590","21390"
"200911","21400"
"200912","21400"
"200919","21400"
"200921","21400"
"200929","21400"
"200931","21400"
"200939","21400"
"200941","21400"
"200949","21400"
"200950","21400"
"200961","21400"
"200969","21400"
"200971","21400"
"200979","21400"
"200980","21400"
"200990","21400"
"081110","21510"
"081120","21510"
"081190","21510"
"200791","21520"
"200799","21520"
"200811","21530"
"200819","21530"
"081210","21540"
"081290","21540"
"081400","21550"
"200820","21550"
"200830","21550"
"200840","21550"
"200850","21550"
"200860","21550"
"200870","21550"
"200880","21550"
"200891","21550"
"200892","21550"
"200899","21550"
"121230","21560"
"020900","21611"
"150100","21611"
"150200","21611"
"150500","21612"
"150300","21620"
"150410","21620"
"150420","21620"
"150430","21620"
"150600","21620"
"150710","21630"
"150810","21630"
"150910","21630"
"151211","21630"
"151221","21630"
"151411","21630"
"151491","21630"
"151110","21640"
"151311","21640"
"151321","21640"
"151511","21640"
"150790","21650"
"150890","21650"
"150990","21650"
"151000","21650"
"151219","21650"
"151229","21650"
"151419","21650"
"151499","21650"
"151550","21650"
"151521","21660"
"151529","21660"
"151190","21670"
"151319","21670"
"151329","21670"
"151519","21670"
"151530","21670"
"151540","21670"
"151590","21670"
"151710","21680"
"151790","21680"
"151610","21690"
"151620","21690"
"140420","21700"
"230400","21810"
"230500","21810"
"230610","21810"
"230620","21810"
"230630","21810"
"230641","21810"
"230649","21810"
"230650","21810"
"230660","21810"
"230670","21810"
"230690","21810"
"120810","21820"
"120890","21820"
"152110","21830"
"152200","21830"
"040110","22110"
"040120","22110"
"040130","22120"
"040210","22910"
"040221","22910"
"040229","22910"
"040291","22920"
"040299","22920"
"040310","22930"
"040390","22930"
"040510","22940"
"040520","22940"
"040590","22940"
"040610","22950"
"040620","22950"
"040630","22950"
"040640","22950"
"040690","22950"
"350110","22960"
"210500","22970"
"170211","22980"
"170219","22980"
"040410","22990"
"040490","22990"
"110100","23110"
"110210","23120"
"110220","23120"
"110230","23120"
"110290","23120"
"110311","23130"
"110313","23130"
"110319","23130"
"110320","23130"
"110412","23150"
"110419","23150"
"110422","23150"
"110423","23150"
"110429","23150"
"110430","23150"
"190410","23150"
"190420","23150"
"190430","23150"
"190490","23150"
"100630","23160"
"100640","23160"
"110610","23170"
"110620","23170"
"110630","23170"
"190120","23180"
"170230","23210"
"170240","23210"
"170250","23210"
"170260","23210"
"170290","23210"
"110811","23220"
"110812","23220"
"110813","23220"
"110814","23220"
"110819","23220"
"110820","23220"
"110900","23220"
"350510","23220"
"190300","23230"
"230910","23310"
"230990","23310"
"121410","23320"
"190510","23410"
"190540","23410"
"190520","23420"
"190531","23420"
"190532","23420"
"190590","23430"
"170111","23510"
"170112","23510"
"170199","23520"
"170191","23530"
"170220","23530"
"170310","23540"
"170390","23540"
"180310","23610"
"180320","23610"
"180400","23620"
"180500","23630"
"180610","23640"
"180620","23650"
"180631","23660"
"180632","23660"
"180690","23660"
"170410","23670"
"170490","23670"
"200600","23670"
"190211","23710"
"190219","23710"
"190220","23720"
"190230","23720"
"190240","23720"
"090112","23911"
"090121","23911"
"090122","23911"
"090190","23912"
"210111","23912"
"210112","23912"
"210130","23912"
"090210","23913"
"090230","23913"
"210120","23914"
"160210","23991"
"190110","23991"
"200510","23991"
"200710","23991"
"210420","23991"
"210410","23992"
"040811","23993"
"040819","23993"
"040891","23993"
"040899","23993"
"350211","23993"
"350219","23993"
"220900","23994"
"210310","23995"
"210320","23995"
"210330","23995"
"210390","23995"
"210210","23996"
"210220","23996"
"210230","23996"
"130211","23999"
"130212","23999"
"130213","23999"
"130214","23999"
"130219","23999"
"130220","23999"
"130231","23999"
"130232","23999"
"130239","23999"
"190190","23999"
"210610","23999"
"210690","23999"
"220710","24110"
"220720","24120"
"220820","24130"
"220830","24130"
"220840","24130"
"220850","24130"
"220860","24130"
"220870","24130"
"220890","24130"
"220410","24211"
"220421","24212"
"220429","24212"
"220430","24212"
"220510","24213"
"220590","24213"
"220600","24220"
"220300","24310"
"110710","24320"
"110720","24320"
"220110","24410"
"220190","24410"
"220210","24490"
"220290","24490"
"240210","25010"
"240220","25010"
"240290","25010"
"240310","25090"
"240391","25090"
"240399","25090"
"500200","26110"
"500390","26120"
"510121","26130"
"510129","26130"
"510130","26130"
"510310","26140"
"510510","26150"
"510521","26150"
"510529","26150"
"510531","26150"
"510539","26150"
"510540","26150"
"520300","26160"
"530390","26170"
"530121","26190"
"530129","26190"
"530130","26190"
"530290","26190"
"530490","26190"
"530519","26190"
"530529","26190"
"530590","26190"
"550610","26210"
"550620","26210"
"550630","26210"
"550690","26210"
"550700","26220"
"500400","26310"
"500500","26310"
"500600","26310"
"510610","26320"
"510710","26320"
"510620","26330"
"510720","26330"
"510810","26340"
"510820","26340"
"510910","26340"
"510990","26340"
"511000","26340"
"520411","26350"
"520419","26350"
"520420","26350"
"520511","26360"
"520512","26360"
"520513","26360"
"520514","26360"
"520515","26360"
"520521","26360"
"520522","26360"
"520523","26360"
"520524","26360"
"520526","26360"
"520527","26360"
"520528","26360"
"520531","26360"
"520532","26360"
"520533","26360"
"520534","26360"
"520535","26360"
"520541","26360"
"520542","26360"
"520543","26360"
"520544","26360"
"520546","26360"
"520547","26360"
"520548","26360"
"520710","26360"
"520611","26370"
"520612","26370"
"520613","26370"
"520614","26370"
"520615","26370"
"520621","26370"
"520622","26370"
"520623","26370"
"520624","26370"
"520625","26370"
"520631","26370"
"520632","26370"
"520633","26370"
"520634","26370"
"520635","26370"
"520641","26370"
"520642","26370"
"520643","26370"
"520644","26370"
"520645","26370"
"520790","26370"
"530610","26380"
"530620","26380"
"530710","26380"
"530720","26380"
"530810","26380"
"530820","26380"
"530890","26380"
"540110","26410"
"540120","26410"
"550810","26410"
"550820","26410"
"540261","26420"
"540262","26420"
"540269","26420"
"540341","26420"
"540342","26420"
"540349","26420"
"540610","26420"
"540620","26420"
"550911","26430"
"550912","26430"
"550921","26430"
"550922","26430"
"550931","26430"
"550932","26430"
"550941","26430"
"550942","26430"
"551110","26430"
"550951","26440"
"550952","26440"
"550953","26440"
"550959","26440"
"550961","26440"
"550962","26440"
"550969","26440"
"550991","26440"
"550992","26440"
"550999","26440"
"551120","26440"
"551011","26450"
"551012","26450"
"551020","26460"
"551030","26460"
"551090","26460"
"551130","26460"
"500710","26510"
"500720","26510"
"500790","26510"
"511111","26520"
"511119","26520"
"511211","26530"
"511219","26530"
"511120","26540"
"511130","26540"
"511190","26540"
"511220","26540"
"511230","26540"
"511290","26540"
"511300","26550"
"530911","26560"
"530919","26560"
"530921","26560"
"530929","26560"
"531010","26570"
"531090","26570"
"531100","26590"
"520811","26610"
"520812","26610"
"520813","26610"
"520819","26610"
"520821","26610"
"520822","26610"
"520823","26610"
"520829","26610"
"520831","26610"
"520832","26610"
"520833","26610"
"520839","26610"
"520841","26610"
"520842","26610"
"520843","26610"
"520849","26610"
"520851","26610"
"520852","26610"
"520853","26610"
"520859","26610"
"520911","26620"
"520912","26620"
"520919","26620"
"520921","26620"
"520922","26620"
"520929","26620"
"520931","26620"
"520932","26620"
"520939","26620"
"520941","26620"
"520942","26620"
"520943","26620"
"520949","26620"
"520951","26620"
"520952","26620"
"520959","26620"
"521011","26630"
"521012","26630"
"521019","26630"
"521021","26630"
"521022","26630"
"521029","26630"
"521031","26630"
"521032","26630"
"521039","26630"
"521041","26630"
"521042","26630"
"521049","26630"
"521051","26630"
"521052","26630"
"521059","26630"
"521111","26630"
"521112","26630"
"521119","26630"
"521121","26630"
"521122","26630"
"521129","26630"
"521131","26630"
"521132","26630"
"521139","26630"
"521141","26630"
"521142","26630"
"521143","26630"
"521149","26630"
"521151","26630"
"521152","26630"
"521159","26630"
"521211","26690"
"521212","26690"
"521213","26690"
"521214","26690"
"521215","26690"
"521221","26690"
"521222","26690"
"521223","26690"
"521224","26690"
"521225","26690"
"540710","26710"
"540720","26710"
"540730","26710"
"540810","26710"
"540741","26720"
"540742","26720"
"540743","26720"
"540744","26720"
"540751","26720"
"540752","26720"
"540753","26720"
"540754","26720"
"540761","26720"
"540769","26720"
"540771","26720"
"540772","26720"
"540773","26720"
"540774","26720"
"540821","26720"
"540822","26720"
"540823","26720"
"540824","26720"
"540781","26730"
"540782","26730"
"540783","26730"
"540784","26730"
"540791","26730"
"540792","26730"
"540793","26730"
"540794","26730"
"540831","26730"
"540832","26730"
"540833","26730"
"540834","26730"
"551211","26740"
"551219","26740"
"551221","26740"
"551229","26740"
"551291","26740"
"551299","26740"
"551611","26750"
"551612","26750"
"551613","26750"
"551614","26750"
"551311","26760"
"551312","26760"
"551313","26760"
"551319","26760"
"551321","26760"
"551322","26760"
"551323","26760"
"551329","26760"
"551331","26760"
"551332","26760"
"551333","26760"
"551339","26760"
"551341","26760"
"551342","26760"
"551343","26760"
"551349","26760"
"551411","26760"
"551412","26760"
"551413","26760"
"551419","26760"
"551421","26760"
"551422","26760"
"551423","26760"
"551429","26760"
"551431","26760"
"551432","26760"
"551433","26760"
"551439","26760"
"551441","26760"
"551442","26760"
"551443","26760"
"551449","26760"
"551641","26760"
"551642","26760"
"551643","26760"
"551644","26760"
"551513","26770"
"551522","26770"
"551592","26770"
"551631","26770"
"551632","26770"
"551633","26770"
"551634","26770"
"551511","26790"
"551512","26790"
"551519","26790"
"551521","26790"
"551529","26790"
"551591","26790"
"551599","26790"
"551621","26790"
"551622","26790"
"551623","26790"
"551624","26790"
"551691","26790"
"551692","26790"
"551693","26790"
"551694","26790"
"580121","26810"
"580122","26810"
"580123","26810"
"580124","26810"
"580125","26810"
"580126","26810"
"580131","26820"
"580132","26820"
"580133","26820"
"580134","26820"
"580135","26820"
"580136","26820"
"580110","26830"
"580190","26830"
"580211","26840"
"580219","26840"
"580220","26850"
"580310","26860"
"580390","26870"
"580230","26880"
"701940","26890"
"701951","26890"
"701952","26890"
"701959","26890"
"630120","27110"
"630130","27110"
"630140","27110"
"630190","27110"
"630210","27120"
"630221","27120"
"630222","27120"
"630229","27120"
"630231","27120"
"630232","27120"
"630239","27120"
"630240","27120"
"630251","27120"
"630252","27120"
"630253","27120"
"630259","27120"
"630260","27120"
"630291","27120"
"630292","27120"
"630293","27120"
"630299","27120"
"630311","27130"
"630312","27130"
"630319","27130"
"630391","27130"
"630392","27130"
"630399","27130"
"580500","27140"
"630411","27140"
"630419","27140"
"630491","27140"
"630492","27140"
"630493","27140"
"630499","27140"
"630800","27140"
"630510","27150"
"630520","27150"
"630532","27150"
"630533","27150"
"630539","27150"
"630590","27150"
"630611","27160"
"630612","27160"
"630619","27160"
"630621","27160"
"630622","27160"
"630629","27160"
"630631","27160"
"630639","27160"
"630641","27160"
"630649","27160"
"630691","27160"
"630699","27160"
"880400","27170"
"940430","27180"
"940490","27180"
"630710","27190"
"630720","27190"
"630790","27190"
"570110","27210"
"570190","27210"
"570210","27220"
"570220","27220"
"570231","27220"
"570232","27220"
"570239","27220"
"570241","27220"
"570242","27220"
"570249","27220"
"570251","27220"
"570252","27220"
"570259","27220"
"570291","27220"
"570292","27220"
"570299","27220"
"570310","27230"
"570320","27230"
"570330","27230"
"570390","27230"
"570410","27290"
"570490","27290"
"570500","27290"
"560710","27310"
"560721","27310"
"560729","27310"
"560741","27310"
"560749","27310"
"560750","27310"
"560790","27310"
"560811","27320"
"560819","27320"
"560890","27320"
"560900","27320"
"580610","27911"
"580620","27911"
"580631","27911"
"580632","27911"
"580639","27911"
"580640","27911"
"580710","27911"
"580790","27911"
"580810","27911"
"580890","27911"
"580410","27912"
"580421","27912"
"580429","27912"
"580430","27912"
"581010","27913"
"581091","27913"
"581092","27913"
"581099","27913"
"560210","27921"
"560221","27921"
"560229","27921"
"560290","27921"
"560311","27922"
"560312","27922"
"560313","27922"
"560314","27922"
"560391","27922"
"560392","27922"
"560393","27922"
"560394","27922"
"560110","27991"
"560121","27991"
"560122","27991"
"560129","27991"
"560130","27991"
"560410","27992"
"560420","27992"
"560490","27992"
"560500","27993"
"580900","27994"
"560600","27995"
"590210","27996"
"590220","27996"
"590290","27996"
"590110","27997"
"590190","27997"
"590310","27997"
"590320","27997"
"590390","27997"
"590700","27997"
"590800","27998"
"590900","27998"
"591000","27998"
"591110","27998"
"591120","27998"
"591131","27998"
"591132","27998"
"591140","27998"
"591190","27998"
"581100","27999"
"600110","28110"
"600121","28110"
"600122","28110"
"600129","28110"
"600191","28110"
"600192","28110"
"600199","28110"
"600240","28190"
"600290","28190"
"600310","28190"
"600320","28190"
"600330","28190"
"600340","28190"
"600390","28190"
"600410","28190"
"600490","28190"
"600510","28190"
"600521","28190"
"600522","28190"
"600523","28190"
"600524","28190"
"600531","28190"
"600532","28190"
"600533","28190"
"600534","28190"
"600541","28190"
"600542","28190"
"600543","28190"
"600544","28190"
"600590","28190"
"600610","28190"
"600621","28190"
"600622","28190"
"600623","28190"
"600624","28190"
"600631","28190"
"600632","28190"
"600633","28190"
"600634","28190"
"600641","28190"
"600642","28190"
"600643","28190"
"600644","28190"
"600690","28190"
"611511","28210"
"611512","28210"
"611519","28210"
"611520","28210"
"611591","28210"
"611592","28210"
"611593","28210"
"611599","28210"
"610110","28221"
"610120","28221"
"610130","28221"
"610190","28221"
"610311","28221"
"610312","28221"
"610319","28221"
"610321","28221"
"610322","28221"
"610323","28221"
"610329","28221"
"610331","28221"
"610332","28221"
"610333","28221"
"610339","28221"
"610341","28221"
"610342","28221"
"610343","28221"
"610349","28221"
"610510","28222"
"610520","28222"
"610590","28222"
"610711","28222"
"610712","28222"
"610719","28222"
"610721","28222"
"610722","28222"
"610729","28222"
"610791","28222"
"610792","28222"
"610799","28222"
"610210","28223"
"610220","28223"
"610230","28223"
"610290","28223"
"610411","28223"
"610412","28223"
"610413","28223"
"610419","28223"
"610421","28223"
"610422","28223"
"610423","28223"
"610429","28223"
"610431","28223"
"610432","28223"
"610433","28223"
"610439","28223"
"610441","28223"
"610442","28223"
"610443","28223"
"610444","28223"
"610449","28223"
"610451","28223"
"610452","28223"
"610453","28223"
"610459","28223"
"610461","28223"
"610462","28223"
"610463","28223"
"610469","28223"
"610610","28224"
"610620","28224"
"610690","28224"
"610811","28224"
"610819","28224"
"610821","28224"
"610822","28224"
"610829","28224"
"610831","28224"
"610832","28224"
"610839","28224"
"610891","28224"
"610892","28224"
"610899","28224"
"610910","28225"
"610990","28225"
"611011","28226"
"611012","28226"
"611019","28226"
"611020","28226"
"611030","28226"
"611090","28226"
"611110","28227"
"611120","28227"
"611130","28227"
"611190","28227"
"611211","28228"
"611212","28228"
"611219","28228"
"611220","28228"
"611231","28228"
"611239","28228"
"611241","28228"
"611249","28228"
"611410","28228"
"611420","28228"
"611430","28228"
"611490","28228"
"611610","28229"
"611691","28229"
"611692","28229"
"611693","28229"
"611699","28229"
"611710","28229"
"611720","28229"
"611780","28229"
"611790","28229"
"620111","28231"
"620112","28231"
"620113","28231"
"620119","28231"
"620191","28231"
"620192","28231"
"620193","28231"
"620199","28231"
"620311","28231"
"620312","28231"
"620319","28231"
"620321","28231"
"620322","28231"
"620323","28231"
"620329","28231"
"620331","28231"
"620332","28231"
"620333","28231"
"620339","28231"
"620341","28231"
"620342","28231"
"620343","28231"
"620349","28231"
"620510","28232"
"620520","28232"
"620530","28232"
"620590","28232"
"620711","28232"
"620719","28232"
"620721","28232"
"620722","28232"
"620729","28232"
"620791","28232"
"620792","28232"
"620799","28232"
"620211","28233"
"620212","28233"
"620213","28233"
"620219","28233"
"620291","28233"
"620292","28233"
"620293","28233"
"620299","28233"
"620411","28233"
"620412","28233"
"620413","28233"
"620419","28233"
"620421","28233"
"620422","28233"
"620423","28233"
"620429","28233"
"620431","28233"
"620432","28233"
"620433","28233"
"620439","28233"
"620441","28233"
"620442","28233"
"620443","28233"
"620444","28233"
"620449","28233"
"620451","28233"
"620452","28233"
"620453","28233"
"620459","28233"
"620461","28233"
"620462","28233"
"620463","28233"
"620469","28233"
"620610","28234"
"620620","28234"
"620630","28234"
"620640","28234"
"620690","28234"
"620811","28234"
"620819","28234"
"620821","28234"
"620822","28234"
"620829","28234"
"620891","28234"
"620892","28234"
"620899","28234"
"620910","28235"
"620920","28235"
"620930","28235"
"620990","28235"
"621111","28236"
"621112","28236"
"621120","28236"
"621131","28236"
"621132","28236"
"621133","28236"
"621139","28236"
"621141","28236"
"621142","28236"
"621143","28236"
"621149","28236"
"621210","28237"
"621220","28237"
"621230","28237"
"621290","28237"
"621310","28238"
"621320","28238"
"621390","28238"
"621410","28238"
"621420","28238"
"621430","28238"
"621440","28238"
"621490","28238"
"621510","28238"
"621520","28238"
"621590","28238"
"621600","28238"
"621710","28238"
"621790","28238"
"420310","28241"
"420329","28242"
"420330","28242"
"420340","28242"
"392620","28243"
"611300","28250"
"621010","28250"
"621020","28250"
"621030","28250"
"621040","28250"
"621050","28250"
"650100","28261"
"650200","28261"
"650300","28262"
"650400","28262"
"650510","28262"
"650590","28262"
"650692","28269"
"650699","28269"
"650700","28269"
"430211","28310"
"430213","28310"
"430219","28310"
"430220","28310"
"430230","28310"
"430310","28320"
"430390","28320"
"430400","28330"
"411410","29110"
"411420","29110"
"410411","29120"
"410419","29120"
"410441","29120"
"410449","29120"
"410711","29120"
"410712","29120"
"410719","29120"
"410791","29120"
"410792","29120"
"410799","29120"
"410510","29130"
"410530","29130"
"410621","29130"
"410622","29130"
"410631","29130"
"410632","29130"
"410640","29130"
"410691","29130"
"410692","29130"
"411200","29130"
"411310","29130"
"411320","29130"
"411330","29130"
"411390","29130"
"411510","29130"
"420100","29210"
"420211","29220"
"420212","29220"
"420219","29220"
"420221","29220"
"420222","29220"
"420229","29220"
"420231","29220"
"420232","29220"
"420239","29220"
"420291","29220"
"420292","29220"
"420299","29220"
"960500","29220"
"911390","29230"
"420400","29290"
"420500","29290"
"640191","29310"
"640192","29310"
"640199","29310"
"640220","29320"
"640291","29320"
"640299","29320"
"640351","29330"
"640359","29330"
"640391","29330"
"640399","29330"
"640510","29330"
"640419","29340"
"640420","29340"
"640520","29340"
"640212","29410"
"640312","29410"
"640411","29420"
"640219","29490"
"640319","29490"
"640110","29510"
"640230","29510"
"640340","29510"
"640320","29520"
"640330","29520"
"640590","29520"
"640610","29600"
"640620","29600"
"640691","29600"
"640699","29600"
"440610","31100"
"440710","31100"
"440724","31100"
"440725","31100"
"440726","31100"
"440729","31100"
"440791","31100"
"440792","31100"
"440799","31100"
"440910","31210"
"440920","31210"
"440500","31220"
"440121","31230"
"440122","31230"
"440310","31310"
"440690","31320"
"441213","31410"
"441214","31410"
"441219","31410"
"441222","31420"
"441223","31420"
"441229","31420"
"441292","31420"
"441293","31420"
"441299","31420"
"441021","31430"
"441029","31430"
"441031","31430"
"441032","31430"
"441033","31430"
"441039","31430"
"441090","31430"
"441111","31440"
"441119","31440"
"441121","31440"
"441129","31440"
"441131","31440"
"441139","31440"
"441191","31440"
"441199","31440"
"440810","31510"
"440831","31510"
"440839","31510"
"440890","31510"
"441300","31520"
"441810","31600"
"441820","31600"
"441830","31600"
"441840","31600"
"441850","31600"
"441890","31600"
"441510","31700"
"441520","31700"
"441600","31700"
"441700","31911"
"441900","31912"
"442010","31913"
"442090","31913"
"441400","31914"
"442110","31914"
"442190","31914"
"450190","31921"
"450200","31921"
"450310","31922"
"450390","31922"
"450410","31922"
"450490","31922"
"460120","31923"
"460191","31923"
"460199","31923"
"460210","31923"
"460290","31923"
"470200","32111"
"470311","32112"
"470319","32112"
"470321","32112"
"470329","32112"
"470411","32112"
"470419","32112"
"470421","32112"
"470429","32112"
"470100","32113"
"470500","32113"
"470610","32113"
"470620","32113"
"470691","32113"
"470692","32113"
"470693","32113"
"480100","32121"
"480210","32122"
"480220","32129"
"480230","32129"
"480240","32129"
"480254","32129"
"480255","32129"
"480256","32129"
"480257","32129"
"480258","32129"
"480261","32129"
"480262","32129"
"480269","32129"
"480300","32131"
"480411","32132"
"480419","32132"
"480421","32133"
"480429","32133"
"480431","32133"
"480439","32133"
"480441","32133"
"480442","32133"
"480449","32133"
"480451","32133"
"480452","32133"
"480459","32133"
"480820","32133"
"480511","32134"
"480512","32134"
"480519","32134"
"480524","32135"
"480525","32135"
"480530","32136"
"480540","32136"
"480550","32136"
"480591","32136"
"480592","32136"
"480593","32136"
"481390","32136"
"480610","32137"
"480620","32137"
"480630","32137"
"480640","32137"
"480700","32141"
"480830","32142"
"480890","32142"
"481013","32143"
"481014","32143"
"481019","32143"
"481022","32143"
"481029","32143"
"481031","32143"
"481032","32143"
"481039","32143"
"481092","32143"
"481099","32143"
"480910","32149"
"480920","32149"
"480990","32149"
"481110","32149"
"481141","32149"
"481149","32149"
"481151","32149"
"481159","32149"
"481160","32149"
"481190","32149"
"480810","32151"
"481930","32152"
"481940","32152"
"481910","32153"
"481920","32153"
"481950","32153"
"481960","32153"
"481610","32191"
"481620","32191"
"481630","32191"
"481690","32191"
"482312","32191"
"482319","32191"
"481710","32192"
"481720","32192"
"481730","32192"
"481810","32193"
"481820","32193"
"481830","32193"
"481840","32193"
"481850","32193"
"481890","32193"
"481410","32194"
"481420","32194"
"481430","32194"
"481490","32194"
"590500","32195"
"481500","32196"
"482110","32197"
"482190","32197"
"481200","32198"
"481310","32199"
"481320","32199"
"482210","32199"
"482290","32199"
"482320","32199"
"482340","32199"
"482360","32199"
"482370","32199"
"482390","32199"
"490110","32210"
"490191","32220"
"490199","32230"
"490300","32230"
"490591","32240"
"490510","32250"
"490599","32250"
"490400","32260"
"490210","32300"
"490290","32400"
"490700","32510"
"490900","32520"
"491110","32530"
"491191","32540"
"490600","32550"
"490810","32560"
"490890","32560"
"491000","32560"
"491199","32590"
"482010","32600"
"482020","32600"
"482030","32600"
"482040","32600"
"482050","32600"
"482090","32600"
"844250","32700"
"270400","33100"
"270600","33200"
"271011","33310"
"271011","33320"
"271011","33330"
"271019","33340"
"271019","33350"
"271019","33360"
"271019","33370"
"271019","33380"
"271112","33410"
"271113","33410"
"271114","33420"
"271119","33420"
"271129","33420"
"271210","33500"
"271220","33500"
"271290","33500"
"271311","33500"
"271312","33500"
"271320","33500"
"271390","33500"
"284410","33610"
"284420","33620"
"284430","33630"
"284440","33690"
"840130","33710"
"284450","33720"
"290110","34110"
"290121","34110"
"290122","34110"
"290123","34110"
"290124","34110"
"290129","34110"
"290211","34110"
"290219","34110"
"290220","34110"
"290230","34110"
"290241","34110"
"290242","34110"
"290243","34110"
"290244","34110"
"290250","34110"
"290260","34110"
"290270","34110"
"290290","34110"
"290311","34110"
"290312","34110"
"290313","34110"
"290314","34110"
"290315","34110"
"290319","34110"
"290321","34110"
"290322","34110"
"290323","34110"
"290329","34110"
"290330","34110"
"290341","34110"
"290342","34110"
"290343","34110"
"290344","34110"
"290345","34110"
"290346","34110"
"290347","34110"
"290349","34110"
"290351","34110"
"290359","34110"
"290361","34110"
"290362","34110"
"290369","34110"
"290410","34110"
"290420","34110"
"290490","34110"
"382311","34120"
"382312","34120"
"382313","34120"
"382319","34120"
"290511","34130"
"290512","34130"
"290513","34130"
"290514","34130"
"290515","34130"
"290516","34130"
"290517","34130"
"290519","34130"
"290522","34130"
"290529","34130"
"290531","34130"
"290532","34130"
"290539","34130"
"290541","34130"
"290542","34130"
"290543","34130"
"290544","34130"
"290549","34130"
"290551","34130"
"290559","34130"
"290611","34130"
"290612","34130"
"290613","34130"
"290614","34130"
"290619","34130"
"290621","34130"
"290629","34130"
"290711","34130"
"290712","34130"
"290713","34130"
"290714","34130"
"290715","34130"
"290719","34130"
"290721","34130"
"290722","34130"
"290723","34130"
"290729","34130"
"290810","34130"
"290820","34130"
"290890","34130"
"382370","34130"
"291511","34140"
"291512","34140"
"291513","34140"
"291521","34140"
"291522","34140"
"291523","34140"
"291524","34140"
"291529","34140"
"291531","34140"
"291532","34140"
"291533","34140"
"291534","34140"
"291535","34140"
"291539","34140"
"291540","34140"
"291550","34140"
"291560","34140"
"291570","34140"
"291590","34140"
"291611","34140"
"291612","34140"
"291613","34140"
"291614","34140"
"291615","34140"
"291619","34140"
"291620","34140"
"291631","34140"
"291632","34140"
"291634","34140"
"291635","34140"
"291639","34140"
"291711","34140"
"291712","34140"
"291713","34140"
"291714","34140"
"291719","34140"
"291720","34140"
"291731","34140"
"291732","34140"
"291733","34140"
"291734","34140"
"291735","34140"
"291736","34140"
"291737","34140"
"291739","34140"
"291811","34140"
"291812","34140"
"291813","34140"
"291814","34140"
"291815","34140"
"291816","34140"
"291819","34140"
"291829","34140"
"291830","34140"
"291890","34140"
"292111","34150"
"292112","34150"
"292119","34150"
"292121","34150"
"292122","34150"
"292129","34150"
"292130","34150"
"292141","34150"
"292142","34150"
"292143","34150"
"292144","34150"
"292145","34150"
"292146","34150"
"292149","34150"
"292151","34150"
"292159","34150"
"292211","34150"
"292212","34150"
"292213","34150"
"292214","34150"
"292219","34150"
"292221","34150"
"292222","34150"
"292229","34150"
"292231","34150"
"292239","34150"
"292243","34150"
"292244","34150"
"292249","34150"
"292250","34150"
"292421","34150"
"292511","34150"
"292512","34150"
"292519","34150"
"292520","34150"
"292610","34150"
"292620","34150"
"292630","34150"
"292690","34150"
"292700","34150"
"292800","34150"
"292910","34150"
"292990","34150"
"293010","34160"
"293020","34160"
"293030","34160"
"293040","34160"
"293090","34160"
"293100","34160"
"293211","34160"
"293212","34160"
"293213","34160"
"293219","34160"
"293221","34160"
"293291","34160"
"293292","34160"
"293293","34160"
"293294","34160"
"293295","34160"
"293299","34160"
"293329","34160"
"293331","34160"
"293332","34160"
"293333","34160"
"293339","34160"
"293341","34160"
"293349","34160"
"293361","34160"
"293371","34160"
"293372","34160"
"293379","34160"
"293391","34160"
"293399","34160"
"293410","34160"
"293420","34160"
"293491","34160"
"293499","34160"
"290911","34170"
"290919","34170"
"290920","34170"
"290930","34170"
"290941","34170"
"290942","34170"
"290943","34170"
"290944","34170"
"290949","34170"
"290950","34170"
"290960","34170"
"291010","34170"
"291020","34170"
"291030","34170"
"291090","34170"
"291100","34170"
"291211","34170"
"291212","34170"
"291213","34170"
"291219","34170"
"291221","34170"
"291229","34170"
"291230","34170"
"291241","34170"
"291242","34170"
"291249","34170"
"291250","34170"
"291260","34170"
"291300","34170"
"291411","34170"
"291412","34170"
"291413","34170"
"291419","34170"
"291421","34170"
"291422","34170"
"291423","34170"
"291429","34170"
"291431","34170"
"291439","34170"
"291440","34170"
"291450","34170"
"291461","34170"
"291469","34170"
"291470","34170"
"294200","34170"
"350710","34170"
"350790","34170"
"291900","34180"
"292010","34180"
"292090","34180"
"280410","34210"
"280421","34210"
"280429","34210"
"280430","34210"
"280440","34210"
"281121","34210"
"281129","34210"
"281700","34220"
"281910","34220"
"281990","34220"
"282010","34220"
"282090","34220"
"282110","34220"
"282120","34220"
"282200","34220"
"282300","34220"
"282410","34220"
"282420","34220"
"282490","34220"
"282520","34220"
"282530","34220"
"282540","34220"
"282550","34220"
"282560","34220"
"282570","34220"
"282580","34220"
"282590","34220"
"280110","34230"
"280120","34230"
"280130","34230"
"280200","34230"
"280300","34230"
"280450","34230"
"280461","34230"
"280469","34230"
"280470","34230"
"280480","34230"
"280490","34230"
"280511","34230"
"280512","34230"
"280519","34230"
"280530","34230"
"280540","34230"
"280610","34230"
"280620","34230"
"280700","34230"
"280910","34230"
"280920","34230"
"281000","34230"
"281111","34230"
"281119","34230"
"281122","34230"
"281123","34230"
"281210","34230"
"281290","34230"
"281310","34230"
"281390","34230"
"281511","34230"
"281512","34230"
"281520","34230"
"281530","34230"
"281610","34230"
"281640","34230"
"281830","34230"
"282510","34230"
"282611","34240"
"282612","34240"
"282619","34240"
"282620","34240"
"282630","34240"
"282690","34240"
"282720","34240"
"282731","34240"
"282732","34240"
"282733","34240"
"282734","34240"
"282735","34240"
"282736","34240"
"282739","34240"
"282741","34240"
"282749","34240"
"282751","34240"
"282759","34240"
"282760","34240"
"282810","34240"
"282890","34240"
"282911","34240"
"282919","34240"
"282990","34240"
"283010","34240"
"283020","34240"
"283030","34240"
"283090","34240"
"283110","34240"
"283190","34240"
"283210","34240"
"283220","34240"
"283230","34240"
"283311","34240"
"283319","34240"
"283321","34240"
"283322","34240"
"283323","34240"
"283324","34240"
"283325","34240"
"283326","34240"
"283327","34240"
"283329","34240"
"283330","34240"
"283340","34240"
"283429","34240"
"283510","34240"
"283522","34240"
"283523","34240"
"283524","34240"
"283525","34240"
"283526","34240"
"283529","34240"
"283531","34240"
"283539","34240"
"283620","34240"
"283630","34240"
"283640","34240"
"283650","34240"
"283660","34240"
"283670","34240"
"283691","34240"
"283692","34240"
"283699","34240"
"284110","34250"
"284120","34250"
"284130","34250"
"284150","34250"
"284161","34250"
"284169","34250"
"284170","34250"
"284180","34250"
"284190","34250"
"284310","34250"
"284321","34250"
"284329","34250"
"284330","34250"
"284390","34250"
"285100","34250"
"284510","34260"
"284590","34260"
"283711","34270"
"283719","34270"
"283720","34270"
"283800","34270"
"283911","34270"
"283919","34270"
"283920","34270"
"283990","34270"
"284011","34270"
"284019","34270"
"284020","34270"
"284030","34270"
"284210","34270"
"284290","34270"
"284700","34280"
"284800","34280"
"284910","34280"
"284920","34280"
"284990","34280"
"285000","34280"
"284610","34290"
"284690","34290"
"320411","34310"
"320412","34310"
"320413","34310"
"320414","34310"
"320415","34310"
"320416","34310"
"320417","34310"
"320419","34310"
"320420","34310"
"320490","34310"
"320500","34310"
"320110","34320"
"320120","34320"
"320190","34320"
"320300","34320"
"320210","34330"
"320290","34330"
"320611","34340"
"320619","34340"
"320620","34340"
"320630","34340"
"320641","34340"
"320642","34340"
"320643","34340"
"320649","34340"
"320650","34340"
"380290","34400"
"380300","34400"
"380510","34400"
"380520","34400"
"380590","34400"
"380610","34400"
"380620","34400"
"380630","34400"
"380690","34400"
"380700","34400"
"440200","34510"
"250300","34520"
"260120","34530"
"270710","34540"
"270720","34540"
"270730","34540"
"270740","34540"
"270750","34540"
"270760","34540"
"270791","34540"
"270799","34540"
"270810","34540"
"270820","34540"
"151800","34550"
"710410","34560"
"710420","34560"
"152000","34570"
"290545","34570"
"280800","34611"
"281410","34611"
"281420","34611"
"282710","34612"
"283410","34612"
"283421","34612"
"283610","34612"
"310210","34613"
"310221","34613"
"310229","34613"
"310230","34613"
"310240","34613"
"310260","34613"
"310270","34613"
"310280","34613"
"310290","34613"
"310310","34614"
"310320","34614"
"310390","34614"
"310420","34615"
"310430","34615"
"310490","34615"
"310100","34616"
"310250","34617"
"310510","34619"
"310520","34619"
"310530","34619"
"310540","34619"
"310551","34619"
"310559","34619"
"310560","34619"
"310590","34619"
"380810","34620"
"380820","34620"
"380830","34620"
"380840","34620"
"380890","34620"
"390110","34710"
"390120","34710"
"390130","34710"
"390190","34710"
"390311","34720"
"390319","34720"
"390320","34720"
"390330","34720"
"390390","34720"
"390410","34730"
"390421","34730"
"390422","34730"
"390430","34730"
"390440","34730"
"390450","34730"
"390461","34730"
"390469","34730"
"390490","34730"
"390710","34740"
"390720","34740"
"390730","34740"
"390740","34740"
"390750","34740"
"390760","34740"
"390791","34740"
"390799","34740"
"390210","34790"
"390220","34790"
"390230","34790"
"390290","34790"
"390512","34790"
"390519","34790"
"390521","34790"
"390529","34790"
"390530","34790"
"390591","34790"
"390599","34790"
"390610","34790"
"390690","34790"
"390810","34790"
"390890","34790"
"390910","34790"
"390920","34790"
"390930","34790"
"390940","34790"
"390950","34790"
"391000","34790"
"391110","34790"
"391190","34790"
"391211","34790"
"391212","34790"
"391220","34790"
"391231","34790"
"391239","34790"
"391290","34790"
"391310","34790"
"391390","34790"
"391400","34790"
"400211","34800"
"400219","34800"
"400220","34800"
"400231","34800"
"400239","34800"
"400241","34800"
"400249","34800"
"400251","34800"
"400259","34800"
"400260","34800"
"400270","34800"
"400280","34800"
"400291","34800"
"400299","34800"
"320710","35110"
"320720","35110"
"320730","35110"
"320740","35110"
"320810","35110"
"320820","35110"
"320890","35110"
"320910","35110"
"320990","35110"
"321000","35110"
"321100","35110"
"321210","35110"
"321290","35110"
"321410","35110"
"321490","35110"
"381400","35110"
"321310","35120"
"321390","35120"
"321511","35130"
"321519","35130"
"321590","35140"
"291821","35210"
"291822","35210"
"291823","35210"
"292241","35220"
"292242","35220"
"292310","35220"
"292320","35220"
"292390","35220"
"292411","35220"
"292419","35220"
"292423","35220"
"292424","35220"
"292429","35220"
"293229","35230"
"293311","35230"
"293319","35230"
"293321","35230"
"293352","35230"
"293353","35230"
"293354","35230"
"293355","35230"
"293359","35230"
"293369","35230"
"293430","35230"
"293500","35230"
"294000","35240"
"293610","35250"
"293621","35250"
"293622","35250"
"293623","35250"
"293624","35250"
"293625","35250"
"293626","35250"
"293627","35250"
"293628","35250"
"293629","35250"
"293690","35250"
"293711","35250"
"293712","35250"
"293719","35250"
"293721","35250"
"293722","35250"
"293723","35250"
"293729","35250"
"293731","35250"
"293739","35250"
"293740","35250"
"293750","35250"
"293790","35250"
"293810","35250"
"293890","35250"
"293911","35250"
"293919","35250"
"293921","35250"
"293929","35250"
"293930","35250"
"293941","35250"
"293942","35250"
"293943","35250"
"293949","35250"
"293951","35250"
"293959","35250"
"293961","35250"
"293962","35250"
"293963","35250"
"293969","35250"
"293991","35250"
"293999","35250"
"294110","35250"
"294120","35250"
"294130","35250"
"294140","35250"
"294150","35250"
"294190","35250"
"300310","35260"
"300320","35260"
"300331","35260"
"300339","35260"
"300340","35260"
"300390","35260"
"300410","35260"
"300420","35260"
"300431","35260"
"300432","35260"
"300439","35260"
"300440","35260"
"300450","35260"
"300490","35260"
"300110","35290"
"300120","35290"
"300190","35290"
"300210","35290"
"300220","35290"
"300230","35290"
"300290","35290"
"300510","35290"
"300590","35290"
"300610","35290"
"300620","35290"
"300630","35290"
"300640","35290"
"300650","35290"
"300660","35290"
"300670","35290"
"300680","35290"
"340211","35310"
"340212","35310"
"340213","35310"
"340219","35310"
"340111","35321"
"340119","35321"
"340120","35321"
"340130","35321"
"340220","35322"
"340290","35322"
"330300","35323"
"330410","35323"
"330420","35323"
"330430","35323"
"330491","35323"
"330499","35323"
"330510","35323"
"330520","35323"
"330530","35323"
"330590","35323"
"330610","35323"
"330620","35323"
"330690","35323"
"330710","35323"
"330720","35323"
"330730","35323"
"330790","35323"
"330741","35331"
"330749","35331"
"340410","35332"
"340420","35332"
"340490","35332"
"340510","35333"
"340520","35333"
"340530","35333"
"340590","35333"
"340540","35334"
"330111","35410"
"330112","35410"
"330113","35410"
"330114","35410"
"330119","35410"
"330121","35410"
"330122","35410"
"330123","35410"
"330124","35410"
"330125","35410"
"330126","35410"
"330129","35410"
"330130","35410"
"330190","35410"
"330210","35410"
"330290","35410"
"350190","35420"
"350220","35420"
"350290","35420"
"350300","35420"
"350400","35420"
"350520","35420"
"350610","35420"
"350691","35420"
"350699","35420"
"340311","35430"
"340319","35430"
"340391","35430"
"340399","35430"
"381111","35430"
"381119","35430"
"381121","35430"
"381129","35430"
"381190","35430"
"381900","35430"
"382000","35430"
"340700","35440"
"381300","35440"
"382100","35440"
"382200","35440"
"360100","35450"
"360200","35450"
"360300","35450"
"360410","35460"
"360490","35460"
"381800","35470"
"380210","35490"
"380910","35490"
"380991","35490"
"380992","35490"
"380993","35490"
"381010","35490"
"381090","35490"
"381210","35490"
"381220","35490"
"381230","35490"
"381511","35490"
"381512","35490"
"381519","35490"
"381590","35490"
"381700","35490"
"382410","35490"
"382420","35490"
"382430","35490"
"382440","35490"
"382460","35490"
"382471","35490"
"382479","35490"
"382490","35490"
"550110","35510"
"550120","35510"
"550130","35510"
"550190","35510"
"550310","35510"
"550320","35510"
"550330","35510"
"550340","35510"
"550390","35510"
"540210","35520"
"540220","35520"
"540231","35520"
"540232","35520"
"540233","35520"
"540239","35520"
"540241","35520"
"540242","35520"
"540243","35520"
"540249","35520"
"540251","35520"
"540252","35520"
"540259","35520"
"540410","35530"
"540490","35530"
"550200","35540"
"550410","35540"
"550490","35540"
"540310","35550"
"540320","35550"
"540331","35550"
"540332","35550"
"540333","35550"
"540339","35550"
"540500","35560"
"401110","36111"
"401140","36112"
"401150","36112"
"401120","36113"
"401130","36113"
"401161","36113"
"401162","36113"
"401163","36113"
"401169","36113"
"401192","36113"
"401193","36113"
"401194","36113"
"401199","36113"
"401290","36114"
"401310","36114"
"401320","36114"
"401390","36114"
"400610","36115"
"401211","36120"
"401212","36120"
"401213","36120"
"401219","36120"
"400300","36210"
"400510","36220"
"400520","36220"
"400591","36220"
"400599","36220"
"400690","36220"
"400700","36220"
"400811","36220"
"400819","36220"
"400821","36220"
"400829","36220"
"400911","36230"
"400912","36230"
"400921","36230"
"400922","36230"
"400931","36230"
"400932","36230"
"400941","36230"
"400942","36230"
"401011","36240"
"401012","36240"
"401013","36240"
"401019","36240"
"401031","36240"
"401032","36240"
"401033","36240"
"401034","36240"
"401035","36240"
"401036","36240"
"401039","36240"
"590610","36250"
"590691","36250"
"590699","36250"
"401511","36260"
"401519","36260"
"401590","36260"
"401410","36270"
"401490","36270"
"401610","36270"
"401691","36270"
"401692","36270"
"401693","36270"
"401694","36270"
"401695","36270"
"401699","36270"
"401700","36270"
"391610","36310"
"391620","36310"
"391690","36310"
"391710","36320"
"391721","36320"
"391722","36320"
"391723","36320"
"391729","36320"
"391731","36320"
"391732","36320"
"391733","36320"
"391739","36320"
"391740","36320"
"392010","36330"
"392020","36330"
"392030","36330"
"392043","36330"
"392049","36330"
"392051","36330"
"392059","36330"
"392061","36330"
"392062","36330"
"392063","36330"
"392069","36330"
"392071","36330"
"392072","36330"
"392073","36330"
"392079","36330"
"392091","36330"
"392092","36330"
"392093","36330"
"392094","36330"
"392099","36330"
"392111","36390"
"392112","36390"
"392113","36390"
"392114","36390"
"392119","36390"
"392190","36390"
"392321","36410"
"392329","36410"
"392310","36490"
"392330","36490"
"392340","36490"
"392350","36490"
"392390","36490"
"391810","36910"
"391890","36910"
"391910","36920"
"391990","36920"
"392210","36930"
"392220","36930"
"392290","36930"
"392410","36940"
"392490","36940"
"392510","36950"
"392520","36950"
"392530","36950"
"392590","36950"
"940592","36960"
"650610","36970"
"650691","36970"
"854720","36980"
"392610","36990"
"392630","36990"
"392640","36990"
"392690","36990"
"700100","37111"
"700210","37111"
"700220","37111"
"700231","37111"
"700232","37111"
"700239","37111"
"700312","37112"
"700319","37112"
"700320","37112"
"700330","37112"
"700420","37112"
"700490","37112"
"700510","37113"
"700521","37113"
"700529","37113"
"700530","37113"
"700600","37114"
"700711","37115"
"700719","37115"
"700721","37115"
"700729","37115"
"700800","37116"
"700910","37116"
"700991","37116"
"700992","37116"
"701690","37117"
"701911","37121"
"701912","37121"
"701919","37121"
"701931","37129"
"701932","37129"
"701939","37129"
"701990","37129"
"701020","37191"
"701090","37191"
"701110","37192"
"701120","37192"
"701190","37192"
"701310","37193"
"701321","37193"
"701329","37193"
"701331","37193"
"701332","37193"
"701339","37193"
"701391","37193"
"701399","37193"
"701510","37194"
"701590","37194"
"701010","37195"
"701710","37195"
"701720","37195"
"701790","37195"
"940591","37196"
"854610","37197"
"701200","37199"
"701400","37199"
"701610","37199"
"701810","37199"
"701820","37199"
"701890","37199"
"702000","37199"
"691010","37210"
"691090","37210"
"691110","37221"
"691190","37221"
"691200","37221"
"691310","37222"
"691390","37222"
"690911","37291"
"690912","37291"
"690919","37291"
"690990","37291"
"854620","37292"
"854710","37292"
"691410","37299"
"691490","37299"
"690100","37310"
"690210","37320"
"690220","37320"
"690290","37320"
"381600","37330"
"681591","37340"
"690310","37340"
"690320","37340"
"690390","37340"
"690410","37350"
"690490","37350"
"690510","37350"
"690590","37350"
"690600","37360"
"690710","37370"
"690790","37370"
"690810","37370"
"690890","37370"
"252020","37410"
"252210","37420"
"252220","37420"
"252230","37420"
"252310","37430"
"252321","37440"
"252329","37440"
"252330","37440"
"252390","37440"
"251820","37450"
"251830","37450"
"382450","37510"
"680800","37520"
"680911","37530"
"680919","37530"
"680990","37530"
"681011","37540"
"681019","37540"
"681091","37550"
"681099","37560"
"681110","37570"
"681120","37570"
"681130","37570"
"681190","37570"
"680221","37610"
"680291","37610"
"680100","37690"
"680210","37690"
"680222","37690"
"680223","37690"
"680229","37690"
"680292","37690"
"680293","37690"
"680299","37690"
"680300","37690"
"680410","37910"
"680421","37910"
"680422","37910"
"680423","37910"
"680430","37910"
"680510","37910"
"680520","37910"
"680530","37910"
"681250","37920"
"681260","37920"
"681270","37920"
"681290","37920"
"681310","37920"
"681390","37920"
"680710","37930"
"680790","37930"
"271500","37940"
"380110","37950"
"380120","37950"
"380130","37950"
"380190","37950"
"281810","37960"
"680610","37990"
"680620","37990"
"680690","37990"
"681410","37990"
"681490","37990"
"681510","37990"
"681520","37990"
"681599","37990"
"940110","38111"
"940120","38111"
"940130","38111"
"940171","38111"
"940179","38111"
"940140","38112"
"940150","38112"
"940161","38112"
"940169","38112"
"940180","38119"
"940310","38121"
"940330","38122"
"940340","38130"
"940320","38140"
"940350","38140"
"940360","38140"
"940370","38140"
"940380","38140"
"961000","38140"
"940410","38150"
"940421","38150"
"940429","38150"
"940190","38160"
"940390","38160"
"710110","38210"
"710121","38210"
"710122","38220"
"710239","38220"
"710391","38220"
"710399","38220"
"710490","38220"
"710229","38230"
"710510","38230"
"710590","38230"
"711311","38240"
"711319","38240"
"711320","38240"
"711411","38240"
"711419","38240"
"711420","38240"
"711590","38240"
"711610","38240"
"711620","38240"
"711810","38250"
"711890","38250"
"920110","38310"
"920120","38310"
"920190","38310"
"920210","38320"
"920290","38320"
"920300","38330"
"920410","38330"
"920420","38330"
"920510","38330"
"920590","38330"
"920710","38340"
"920790","38340"
"920600","38350"
"920810","38350"
"920890","38350"
"920910","38360"
"920920","38360"
"920930","38360"
"920991","38360"
"920992","38360"
"920993","38360"
"920994","38360"
"920999","38360"
"950611","38410"
"950612","38410"
"950619","38410"
"950670","38410"
"950621","38420"
"950629","38420"
"950691","38430"
"420321","38440"
"950631","38440"
"950632","38440"
"950639","38440"
"950640","38440"
"950651","38440"
"950659","38440"
"950661","38440"
"950662","38440"
"950669","38440"
"950699","38440"
"950710","38450"
"950720","38450"
"950730","38450"
"950790","38450"
"950100","38510"
"950210","38520"
"950341","38520"
"950349","38520"
"950291","38530"
"950299","38530"
"950310","38540"
"950320","38540"
"950330","38540"
"950360","38550"
"950350","38560"
"950370","38560"
"950380","38560"
"950390","38560"
"950440","38570"
"950410","38580"
"950420","38590"
"950430","38590"
"950490","38590"
"950810","38600"
"950890","38600"
"940600","38700"
"960810","38911"
"960820","38911"
"960831","38911"
"960839","38911"
"960840","38911"
"960850","38911"
"960860","38911"
"960891","38911"
"960899","38911"
"960910","38911"
"960920","38911"
"960990","38911"
"961100","38912"
"961210","38912"
"961220","38912"
"660110","38921"
"660191","38921"
"660199","38921"
"660200","38921"
"660310","38922"
"660320","38922"
"660390","38922"
"960610","38923"
"960621","38923"
"960622","38923"
"960629","38923"
"960711","38923"
"960719","38923"
"960630","38924"
"960720","38924"
"590410","38930"
"590490","38930"
"370400","38941"
"370510","38942"
"370520","38942"
"370590","38942"
"370610","38950"
"370690","38950"
"970110","38960"
"970190","38960"
"970200","38960"
"970300","38960"
"970400","38960"
"970500","38960"
"970600","38960"
"050100","38971"
"670300","38972"
"670411","38972"
"670419","38972"
"670420","38972"
"670490","38972"
"950510","38991"
"950590","38991"
"871500","38992"
"960310","38993"
"960321","38993"
"960329","38993"
"960330","38993"
"960340","38993"
"960350","38993"
"960390","38993"
"961310","38994"
"961320","38994"
"961380","38994"
"961420","38994"
"961490","38994"
"961511","38994"
"961519","38994"
"961590","38994"
"961610","38994"
"961620","38994"
"360690","38995"
"961390","38995"
"902300","38996"
"711711","38997"
"711719","38997"
"711790","38997"
"360500","38998"
"340600","38999"
"360610","38999"
"420610","38999"
"420690","38999"
"670100","38999"
"670210","38999"
"670290","38999"
"960110","38999"
"960190","38999"
"960200","38999"
"960400","38999"
"961700","38999"
"961800","38999"
"050210","39110"
"050290","39110"
"050400","39110"
"050510","39110"
"050590","39110"
"050610","39110"
"050690","39110"
"050710","39110"
"050790","39110"
"051000","39110"
"051199","39110"
"230210","39120"
"230220","39120"
"230230","39120"
"230240","39120"
"230250","39120"
"230800","39120"
"230310","39130"
"230320","39140"
"180200","39150"
"230330","39160"
"230700","39170"
"240130","39180"
"500310","39211"
"510320","39212"
"510330","39212"
"510400","39213"
"520210","39214"
"520291","39215"
"520299","39215"
"550510","39216"
"550520","39216"
"630900","39217"
"631010","39218"
"631090","39218"
"411520","39220"
"380400","39230"
"470710","39240"
"470720","39240"
"470730","39240"
"470790","39240"
"400400","39250"
"401220","39260"
"391510","39270"
"391520","39270"
"391530","39270"
"391590","39270"
"440130","39280"
"261800","39310"
"261900","39310"
"262011","39320"
"262019","39320"
"262021","39320"
"262029","39320"
"262030","39320"
"262040","39320"
"262060","39320"
"262091","39320"
"262099","39320"
"711291","39331"
"711292","39332"
"711299","39332"
"711230","39333"
"720410","39340"
"720421","39340"
"720429","39340"
"720430","39340"
"720441","39340"
"720449","39340"
"720450","39350"
"740400","39360"
"750300","39360"
"760200","39360"
"780200","39360"
"790200","39360"
"800200","39360"
"890800","39370"
"854810","39380"
"382510","39910"
"382520","39920"
"382530","39930"
"382541","39940"
"382549","39940"
"271091","39950"
"271099","39950"
"382550","39950"
"382561","39950"
"382569","39950"
"382590","39990"
"720110","41111"
"720120","41111"
"720150","41111"
"720211","41112"
"720219","41112"
"720241","41113"
"720249","41113"
"720260","41114"
"720221","41115"
"720229","41115"
"720230","41115"
"720250","41115"
"720270","41115"
"720280","41115"
"720291","41115"
"720292","41115"
"720293","41115"
"720299","41115"
"720310","41116"
"720390","41116"
"720510","41116"
"720521","41116"
"720529","41116"
"720610","41121"
"720690","41121"
"720711","41121"
"720712","41121"
"720719","41121"
"720720","41121"
"721810","41122"
"721891","41122"
"721899","41122"
"722410","41122"
"722490","41122"
"720810","41211"
"720825","41211"
"720826","41211"
"720827","41211"
"720836","41211"
"720837","41211"
"720838","41211"
"720839","41211"
"720840","41211"
"720851","41211"
"720852","41211"
"720853","41211"
"720854","41211"
"721113","41212"
"721114","41212"
"721119","41212"
"721911","41213"
"721912","41213"
"721913","41213"
"721914","41213"
"721921","41213"
"721922","41213"
"721923","41213"
"721924","41213"
"722530","41213"
"722540","41213"
"722011","41214"
"722012","41214"
"722691","41214"
"720915","41221"
"720916","41221"
"720917","41221"
"720918","41221"
"720925","41221"
"720926","41221"
"720927","41221"
"720928","41221"
"721123","41222"
"721129","41222"
"721931","41223"
"721932","41223"
"721933","41223"
"721934","41223"
"721935","41223"
"722550","41223"
"722020","41224"
"722692","41224"
"720890","41231"
"720990","41231"
"721190","41231"
"721011","41232"
"721012","41232"
"721020","41232"
"721030","41232"
"721041","41232"
"721049","41232"
"721050","41232"
"721061","41232"
"721069","41232"
"721070","41232"
"721090","41232"
"721210","41232"
"721220","41232"
"721230","41232"
"721240","41232"
"721250","41232"
"721260","41232"
"722511","41233"
"722519","41233"
"722611","41233"
"722619","41233"
"722520","41234"
"722620","41234"
"721990","41235"
"722090","41235"
"722591","41235"
"722592","41235"
"722599","41235"
"722693","41235"
"722694","41235"
"722699","41235"
"721310","41241"
"721320","41241"
"721391","41241"
"721399","41241"
"721410","41242"
"721420","41242"
"721430","41242"
"721491","41242"
"721499","41242"
"722100","41243"
"722710","41243"
"722720","41243"
"722790","41243"
"722211","41244"
"722219","41244"
"722830","41244"
"721610","41251"
"721621","41251"
"721622","41251"
"721631","41251"
"721632","41251"
"721633","41251"
"721640","41251"
"721650","41251"
"730110","41252"
"730120","41252"
"730210","41253"
"730230","41253"
"730240","41253"
"730290","41253"
"721510","41261"
"721550","41261"
"721590","41261"
"721661","41262"
"721669","41262"
"721691","41262"
"721699","41262"
"721710","41263"
"721720","41263"
"721730","41263"
"721790","41263"
"722220","41264"
"722230","41264"
"722810","41264"
"722820","41264"
"722840","41264"
"722850","41264"
"722860","41264"
"722880","41264"
"722240","41265"
"722870","41265"
"722300","41266"
"722910","41266"
"722920","41266"
"722990","41266"
"730410","41271"
"730421","41272"
"730429","41272"
"730300","41273"
"730431","41274"
"730439","41274"
"730441","41274"
"730449","41274"
"730451","41274"
"730459","41274"
"730490","41274"
"730511","41275"
"730512","41275"
"730519","41275"
"730610","41275"
"730520","41276"
"730620","41276"
"730531","41277"
"730539","41277"
"730590","41277"
"730630","41277"
"730640","41277"
"730650","41277"
"730660","41277"
"730690","41277"
"730711","41278"
"730719","41278"
"730721","41278"
"730722","41278"
"730723","41278"
"730729","41278"
"730791","41278"
"730792","41278"
"730793","41278"
"730799","41278"
"710610","41310"
"710691","41310"
"710692","41310"
"710811","41320"
"710812","41320"
"710813","41320"
"710820","41320"
"711011","41330"
"711019","41330"
"711021","41330"
"711029","41330"
"711031","41330"
"711039","41330"
"711041","41330"
"711049","41330"
"711510","41330"
"710900","41340"
"710700","41350"
"711100","41350"
"740110","41411"
"740120","41411"
"740200","41412"
"740311","41413"
"740312","41413"
"740313","41413"
"740319","41413"
"740321","41413"
"740322","41413"
"740323","41413"
"740329","41413"
"740500","41413"
"750110","41421"
"750120","41421"
"750210","41422"
"750220","41422"
"760110","41431"
"760120","41431"
"281820","41432"
"780110","41441"
"780191","41441"
"780199","41441"
"790111","41442"
"790112","41442"
"790120","41442"
"800110","41443"
"800120","41443"
"740610","41511"
"740620","41511"
"740710","41512"
"740721","41512"
"740722","41512"
"740729","41512"
"740811","41513"
"740819","41513"
"740821","41513"
"740822","41513"
"740829","41513"
"740911","41514"
"740919","41514"
"740921","41514"
"740929","41514"
"740931","41514"
"740939","41514"
"740940","41514"
"740990","41514"
"741011","41515"
"741012","41515"
"741021","41515"
"741022","41515"
"741110","41516"
"741121","41516"
"741122","41516"
"741129","41516"
"741210","41516"
"741220","41516"
"750400","41521"
"750511","41522"
"750512","41522"
"750521","41522"
"750522","41522"
"750610","41523"
"750620","41523"
"750711","41524"
"750712","41524"
"750720","41524"
"760310","41531"
"760320","41531"
"760410","41532"
"760421","41532"
"760429","41532"
"760511","41533"
"760519","41533"
"760521","41533"
"760529","41533"
"760611","41534"
"760612","41534"
"760691","41534"
"760692","41534"
"760711","41535"
"760719","41535"
"760720","41535"
"760810","41536"
"760820","41536"
"760900","41536"
"780300","41541"
"780411","41542"
"780419","41542"
"780420","41542"
"780500","41543"
"790310","41544"
"790390","41544"
"790400","41545"
"790500","41545"
"790600","41546"
"800300","41547"
"800400","41548"
"800500","41548"
"800600","41549"
"810110","41601"
"810194","41601"
"810197","41601"
"810210","41601"
"810294","41601"
"810297","41601"
"810320","41601"
"810330","41601"
"810411","41601"
"810419","41601"
"810420","41601"
"810520","41601"
"810530","41601"
"810720","41601"
"810730","41601"
"810820","41601"
"810830","41601"
"810920","41601"
"810930","41601"
"811212","41601"
"811213","41601"
"811251","41601"
"811252","41601"
"811292","41601"
"810195","41602"
"810196","41602"
"810199","41602"
"810295","41602"
"810296","41602"
"810299","41602"
"810390","41602"
"810430","41602"
"810490","41602"
"810590","41602"
"810790","41602"
"810890","41602"
"810990","41602"
"811219","41602"
"811259","41602"
"811299","41602"
"810600","41603"
"811010","41603"
"811020","41603"
"811090","41603"
"811100","41603"
"811221","41603"
"811222","41603"
"811229","41603"
"811230","41603"
"811240","41603"
"811300","41604"
"730810","42110"
"730820","42110"
"730830","42120"
"761010","42120"
"730840","42190"
"730890","42190"
"761090","42190"
"730900","42210"
"761100","42210"
"731100","42220"
"761300","42220"
"840110","42310"
"840211","42320"
"840212","42320"
"840219","42320"
"840220","42320"
"840410","42330"
"840420","42330"
"840140","42341"
"840290","42342"
"840490","42342"
"732410","42911"
"732421","42911"
"732429","42911"
"732490","42911"
"741820","42911"
"761520","42911"
"732310","42912"
"732391","42912"
"732392","42912"
"732393","42912"
"732394","42912"
"732399","42912"
"741811","42912"
"741819","42912"
"761511","42912"
"761519","42912"
"821000","42912"
"821110","42913"
"821191","42913"
"821192","42913"
"821193","42913"
"821194","42913"
"821195","42913"
"821300","42913"
"821210","42914"
"821220","42914"
"821290","42914"
"821410","42915"
"821420","42915"
"821490","42915"
"821510","42916"
"821520","42916"
"821591","42916"
"821599","42916"
"820110","42921"
"820120","42921"
"820130","42921"
"820140","42921"
"820150","42921"
"820160","42921"
"820190","42921"
"820210","42921"
"820220","42921"
"820231","42921"
"820239","42921"
"820240","42921"
"820291","42921"
"820299","42921"
"820310","42921"
"820320","42921"
"820330","42921"
"820340","42921"
"820411","42921"
"820412","42921"
"820420","42921"
"820510","42921"
"820520","42921"
"820530","42921"
"820540","42921"
"820551","42921"
"820559","42921"
"820560","42921"
"820570","42921"
"820580","42921"
"820590","42921"
"820600","42921"
"820713","42922"
"820719","42922"
"820720","42922"
"820730","42922"
"820740","42922"
"820750","42922"
"820760","42922"
"820770","42922"
"820780","42922"
"820790","42922"
"820810","42922"
"820820","42922"
"820830","42922"
"820840","42922"
"820890","42922"
"820900","42922"
"731010","42931"
"731021","42931"
"731029","42931"
"761210","42931"
"761290","42931"
"830910","42932"
"830990","42932"
"731210","42941"
"731290","42941"
"741300","42942"
"761410","42942"
"761490","42942"
"731412","42943"
"731413","42943"
"731414","42943"
"731419","42943"
"731420","42943"
"731431","42943"
"731439","42943"
"731441","42943"
"731442","42943"
"731449","42943"
"731450","42943"
"741420","42943"
"741490","42943"
"731700","42944"
"731811","42944"
"731812","42944"
"731813","42944"
"731814","42944"
"731815","42944"
"731816","42944"
"731819","42944"
"731821","42944"
"731822","42944"
"731823","42944"
"731824","42944"
"731829","42944"
"741510","42944"
"741521","42944"
"741529","42944"
"741533","42944"
"741539","42944"
"761610","42944"
"732010","42945"
"732020","42945"
"732090","42945"
"741600","42945"
"731300","42946"
"831110","42950"
"831120","42950"
"831130","42950"
"831190","42950"
"731520","42991"
"731581","42991"
"731582","42991"
"731589","42991"
"731590","42991"
"741910","42991"
"830110","42992"
"830120","42992"
"830130","42992"
"830140","42992"
"830150","42992"
"830160","42992"
"830170","42992"
"830210","42992"
"830220","42992"
"830230","42992"
"830241","42992"
"830242","42992"
"830249","42992"
"830250","42992"
"830260","42992"
"830300","42993"
"830400","42994"
"830510","42995"
"830520","42995"
"830590","42995"
"830621","42996"
"830629","42996"
"830630","42996"
"731910","42997"
"731920","42997"
"731930","42997"
"731990","42997"
"830810","42997"
"830820","42997"
"830890","42997"
"848510","42998"
"731600","42999"
"732510","42999"
"732591","42999"
"732599","42999"
"732611","42999"
"732619","42999"
"732620","42999"
"732690","42999"
"741991","42999"
"741999","42999"
"750810","42999"
"750890","42999"
"761691","42999"
"761699","42999"
"780600","42999"
"790700","42999"
"800700","42999"
"830610","42999"
"830710","42999"
"830790","42999"
"831000","42999"
"840721","43110"
"840729","43110"
"840790","43110"
"840810","43110"
"840890","43110"
"840731","43121"
"840732","43121"
"840733","43121"
"840734","43122"
"840820","43123"
"840710","43131"
"841111","43132"
"841112","43132"
"841121","43132"
"841122","43132"
"841210","43133"
"880510","43134"
"880521","43134"
"880529","43134"
"840610","43141"
"840681","43141"
"840682","43141"
"841011","43142"
"841012","43142"
"841013","43142"
"841181","43143"
"841182","43143"
"840991","43151"
"840999","43151"
"840910","43152"
"840690","43153"
"841090","43154"
"841191","43155"
"841199","43156"
"841221","43211"
"841231","43211"
"841229","43212"
"841239","43212"
"841280","43212"
"841311","43220"
"841319","43220"
"841320","43220"
"841330","43220"
"841340","43220"
"841350","43220"
"841360","43220"
"841370","43220"
"841381","43220"
"841382","43220"
"841410","43230"
"841420","43230"
"841430","43230"
"841440","43230"
"841480","43230"
"848110","43240"
"848120","43240"
"848130","43240"
"848140","43240"
"848180","43240"
"841290","43251"
"841391","43252"
"841392","43252"
"841490","43253"
"848190","43254"
"848210","43310"
"848220","43310"
"848230","43310"
"848240","43310"
"848250","43310"
"848280","43310"
"731511","43320"
"731512","43320"
"848310","43320"
"848320","43320"
"848330","43320"
"848340","43320"
"848350","43320"
"848360","43320"
"848291","43331"
"848299","43331"
"731519","43332"
"848390","43332"
"841610","43410"
"841620","43410"
"841630","43410"
"841710","43420"
"841780","43420"
"851410","43420"
"851420","43420"
"851430","43420"
"851440","43420"
"841690","43430"
"841790","43430"
"851490","43430"
"842511","43510"
"842519","43510"
"842520","43510"
"842531","43510"
"842539","43510"
"842541","43510"
"842542","43510"
"842549","43510"
"842611","43520"
"842612","43520"
"842619","43520"
"842620","43520"
"842630","43520"
"842641","43520"
"842649","43520"
"842691","43520"
"842699","43520"
"842710","43530"
"842720","43530"
"842790","43530"
"870911","43530"
"870919","43530"
"842810","43540"
"842840","43540"
"842820","43550"
"842832","43550"
"842833","43550"
"842839","43550"
"842850","43560"
"842860","43560"
"842890","43560"
"843110","43570"
"843120","43570"
"843131","43570"
"843139","43570"
"870990","43570"
"843141","43580"
"840510","43911"
"841940","43911"
"841950","43911"
"841960","43911"
"841510","43912"
"841520","43912"
"841581","43912"
"841582","43912"
"841583","43912"
"841850","43913"
"841861","43913"
"841869","43913"
"842121","43914"
"842122","43914"
"842129","43914"
"842139","43914"
"842123","43915"
"842131","43915"
"842220","43921"
"842230","43921"
"842240","43921"
"842310","43922"
"842320","43922"
"842330","43922"
"842381","43922"
"842382","43922"
"842389","43922"
"842410","43923"
"842420","43923"
"842430","43923"
"842489","43923"
"848410","43924"
"848420","43924"
"848490","43924"
"841459","43931"
"842119","43931"
"841989","43932"
"842010","43933"
"847621","43934"
"847629","43934"
"847681","43934"
"847689","43934"
"842219","43935"
"840590","43941"
"841590","43941"
"841891","43941"
"841899","43941"
"841990","43941"
"842191","43942"
"842199","43942"
"842091","43943"
"842099","43943"
"842390","43943"
"842490","43943"
"847690","43943"
"842290","43944"
"848590","43949"
"843210","44110"
"843221","44110"
"843229","44110"
"843230","44110"
"843240","44110"
"843280","44110"
"843311","44120"
"843319","44120"
"843320","44130"
"843330","44130"
"843340","44130"
"843351","44130"
"843352","44130"
"843353","44130"
"843359","44130"
"870110","44140"
"870190","44150"
"842481","44160"
"871620","44170"
"843360","44180"
"843410","44180"
"843610","44180"
"843621","44180"
"843629","44180"
"843680","44180"
"843710","44180"
"843290","44190"
"843390","44190"
"843691","44190"
"843699","44190"
"845610","44211"
"845620","44211"
"845630","44211"
"845691","44211"
"845699","44211"
"845710","44212"
"845720","44212"
"845730","44212"
"845811","44213"
"845819","44213"
"845891","44213"
"845899","44213"
"845910","44214"
"845921","44214"
"845929","44214"
"845931","44214"
"845939","44214"
"845940","44214"
"845951","44214"
"845959","44214"
"845961","44214"
"845969","44214"
"845970","44215"
"846011","44216"
"846019","44216"
"846021","44216"
"846029","44216"
"846031","44216"
"846039","44216"
"846040","44216"
"846090","44216"
"846120","44216"
"846130","44216"
"846140","44216"
"846150","44216"
"846190","44216"
"846210","44217"
"846221","44217"
"846229","44217"
"846231","44217"
"846239","44217"
"846241","44217"
"846249","44217"
"846291","44217"
"846299","44217"
"846310","44218"
"846320","44218"
"846330","44218"
"846390","44218"
"846410","44221"
"846420","44221"
"846490","44221"
"846510","44222"
"846591","44222"
"846592","44222"
"846593","44222"
"846594","44222"
"846595","44222"
"846596","44222"
"846599","44222"
"847930","44222"
"846711","44231"
"846719","44231"
"846781","44231"
"846789","44231"
"846721","44232"
"846722","44232"
"846729","44232"
"846810","44240"
"846820","44240"
"846880","44240"
"851511","44240"
"851519","44240"
"851521","44240"
"851529","44240"
"851531","44240"
"851539","44240"
"851580","44240"
"846610","44251"
"846620","44251"
"846630","44251"
"846693","44251"
"846694","44251"
"846691","44252"
"846692","44252"
"846791","44253"
"846792","44253"
"846799","44253"
"846791","44254"
"846799","44254"
"846890","44255"
"851590","44255"
"845410","44310"
"845420","44310"
"845430","44310"
"845510","44310"
"845521","44310"
"845522","44310"
"845490","44320"
"845530","44320"
"845590","44320"
"842831","44411"
"843031","44412"
"843039","44412"
"843041","44412"
"843049","44412"
"842911","44421"
"842919","44421"
"842920","44422"
"842930","44423"
"842940","44424"
"842951","44425"
"842952","44426"
"842959","44427"
"843050","44427"
"870410","44428"
"843142","44429"
"843010","44430"
"843020","44430"
"843061","44430"
"843069","44430"
"847910","44430"
"847410","44440"
"847420","44440"
"847431","44440"
"847432","44440"
"847439","44440"
"847480","44440"
"870130","44450"
"843143","44461"
"843149","44461"
"847490","44462"
"842111","44511"
"843420","44512"
"843780","44513"
"843510","44514"
"841720","44515"
"841931","44515"
"841981","44515"
"843810","44516"
"843820","44516"
"843830","44516"
"843840","44516"
"843850","44516"
"843860","44516"
"843880","44516"
"847920","44516"
"847810","44517"
"843490","44521"
"843590","44521"
"843790","44522"
"843890","44522"
"847890","44523"
"844400","44611"
"844511","44611"
"844512","44611"
"844513","44611"
"844519","44611"
"844520","44611"
"844530","44611"
"844540","44611"
"844590","44611"
"844610","44612"
"844621","44612"
"844629","44612"
"844630","44612"
"844711","44613"
"844712","44613"
"844720","44613"
"844790","44613"
"844811","44614"
"844819","44614"
"844900","44621"
"845130","44621"
"845140","44621"
"845150","44621"
"845180","44621"
"845020","44622"
"845110","44622"
"845129","44622"
"845221","44623"
"845229","44623"
"845310","44630"
"845320","44630"
"845380","44630"
"844820","44640"
"844831","44640"
"844832","44640"
"844833","44640"
"844839","44640"
"844841","44640"
"844842","44640"
"844849","44640"
"844851","44640"
"844859","44640"
"845090","44640"
"845190","44640"
"845230","44640"
"845240","44640"
"845290","44640"
"845390","44640"
"871000","44710"
"930111","44720"
"930119","44720"
"930120","44720"
"930190","44720"
"930200","44730"
"930310","44730"
"930320","44730"
"930330","44730"
"930390","44730"
"930400","44730"
"930610","44740"
"930621","44740"
"930629","44740"
"930630","44740"
"930690","44740"
"930700","44750"
"930510","44760"
"930521","44760"
"930529","44760"
"930591","44760"
"930599","44760"
"841810","44811"
"841821","44811"
"841822","44811"
"841829","44811"
"841830","44811"
"841840","44811"
"842211","44812"
"845011","44812"
"845012","44812"
"845019","44812"
"845121","44812"
"630110","44813"
"845210","44814"
"841451","44815"
"841460","44815"
"850910","44816"
"850920","44816"
"850930","44816"
"850940","44816"
"850980","44816"
"851010","44816"
"851020","44816"
"851030","44816"
"851631","44816"
"851632","44816"
"851633","44816"
"851640","44816"
"851671","44816"
"851672","44816"
"851679","44816"
"851610","44817"
"851621","44817"
"851629","44817"
"851650","44817"
"851660","44817"
"851680","44818"
"732111","44821"
"732112","44821"
"732113","44821"
"741700","44821"
"732181","44822"
"732182","44822"
"732183","44822"
"732211","44823"
"732219","44823"
"732290","44824"
"840310","44825"
"841911","44826"
"841919","44826"
"850990","44831"
"851090","44831"
"851690","44831"
"732190","44832"
"840390","44833"
"842112","44911"
"841932","44912"
"841939","44912"
"843910","44913"
"843920","44913"
"843930","44913"
"844110","44913"
"844120","44913"
"844130","44913"
"844140","44913"
"844180","44913"
"844010","44914"
"844210","44914"
"844220","44914"
"844230","44914"
"844311","44914"
"844319","44914"
"844321","44914"
"844329","44914"
"844330","44914"
"844340","44914"
"844351","44914"
"844359","44914"
"844360","44914"
"847710","44915"
"847720","44915"
"847730","44915"
"847740","44915"
"847751","44915"
"847759","44915"
"847780","44915"
"848010","44916"
"848020","44916"
"848030","44916"
"848041","44916"
"848049","44916"
"848050","44916"
"848060","44916"
"848071","44916"
"848079","44916"
"840120","44917"
"847510","44917"
"847521","44917"
"847529","44917"
"847940","44917"
"847950","44917"
"847960","44917"
"847981","44917"
"847982","44917"
"847989","44917"
"843991","44921"
"843999","44921"
"844190","44921"
"844090","44922"
"844240","44922"
"844390","44922"
"847590","44929"
"847790","44929"
"847990","44929"
"846911","45110"
"846912","45110"
"846920","45120"
"846930","45120"
"847010","45130"
"847021","45130"
"847029","45130"
"847030","45130"
"847040","45130"
"847050","45130"
"847090","45130"
"900911","45140"
"900912","45140"
"900921","45140"
"900922","45140"
"900930","45140"
"844312","45150"
"847210","45160"
"847220","45160"
"847230","45160"
"847290","45160"
"847310","45170"
"847321","45170"
"847329","45170"
"847340","45170"
"900991","45180"
"900992","45180"
"900993","45180"
"900999","45180"
"847110","45210"
"847130","45220"
"847141","45230"
"847149","45240"
"847150","45250"
"847160","45260"
"847170","45270"
"847180","45280"
"847190","45280"
"847330","45290"
"847350","45290"
"850110","46111"
"850131","46111"
"850132","46111"
"850133","46111"
"850134","46111"
"850120","46112"
"850140","46112"
"850151","46112"
"850152","46112"
"850153","46112"
"850161","46112"
"850162","46112"
"850163","46112"
"850164","46112"
"850211","46113"
"850212","46113"
"850213","46113"
"850220","46113"
"850231","46113"
"850239","46113"
"850240","46113"
"850421","46121"
"850422","46121"
"850423","46121"
"850431","46121"
"850432","46121"
"850433","46121"
"850434","46121"
"850410","46122"
"850440","46122"
"850450","46122"
"850300","46131"
"850490","46132"
"853510","46211"
"853521","46211"
"853529","46211"
"853530","46211"
"853540","46211"
"853590","46211"
"853610","46212"
"853620","46212"
"853630","46212"
"853641","46212"
"853649","46212"
"853650","46212"
"853661","46212"
"853669","46212"
"853690","46212"
"853710","46213"
"853720","46214"
"853810","46220"
"853890","46220"
"854411","46310"
"854419","46310"
"854420","46320"
"854430","46330"
"854441","46340"
"854449","46340"
"854451","46340"
"854459","46340"
"854460","46350"
"854470","46360"
"850610","46410"
"850630","46410"
"850640","46410"
"850650","46410"
"850660","46410"
"850680","46410"
"850710","46420"
"850720","46420"
"850730","46420"
"850740","46420"
"850780","46420"
"850690","46430"
"850790","46430"
"853910","46510"
"853921","46510"
"853922","46510"
"853929","46510"
"853931","46510"
"853932","46510"
"853939","46510"
"853941","46510"
"853949","46510"
"900662","46520"
"851310","46531"
"940510","46531"
"940520","46531"
"940550","46531"
"940560","46531"
"940530","46532"
"940540","46539"
"853990","46541"
"851390","46542"
"940599","46542"
"851110","46910"
"851120","46910"
"851130","46910"
"851140","46910"
"851150","46910"
"851180","46910"
"851210","46910"
"851220","46910"
"851230","46910"
"851240","46910"
"853010","46920"
"853080","46920"
"853110","46920"
"853120","46920"
"853180","46920"
"850511","46930"
"850519","46930"
"850520","46930"
"850530","46930"
"850590","46930"
"854311","46930"
"854319","46930"
"854320","46930"
"854330","46930"
"854340","46930"
"854381","46930"
"854389","46930"
"854690","46940"
"854790","46940"
"854511","46950"
"854519","46950"
"854520","46950"
"854590","46950"
"851190","46960"
"851290","46960"
"853090","46960"
"853190","46960"
"854390","46960"
"854890","46960"
"853210","47110"
"853221","47110"
"853222","47110"
"853223","47110"
"853224","47110"
"853225","47110"
"853229","47110"
"853230","47110"
"853310","47120"
"853321","47120"
"853329","47120"
"853331","47120"
"853339","47120"
"853340","47120"
"853400","47130"
"854011","47140"
"854012","47140"
"854020","47140"
"854040","47140"
"854050","47140"
"854060","47140"
"854071","47140"
"854072","47140"
"854079","47140"
"854081","47140"
"854089","47140"
"854110","47150"
"854121","47150"
"854129","47150"
"854130","47150"
"854140","47150"
"854150","47150"
"854160","47150"
"854221","47160"
"854229","47160"
"854260","47160"
"854270","47160"
"853290","47171"
"853390","47172"
"854091","47173"
"854099","47173"
"854190","47173"
"854290","47173"
"852510","47211"
"852520","47211"
"852530","47212"
"851711","47220"
"851719","47220"
"851721","47220"
"851722","47220"
"851730","47220"
"851750","47220"
"851780","47220"
"852712","47311"
"852713","47311"
"852719","47311"
"852731","47311"
"852732","47311"
"852739","47311"
"852721","47312"
"852729","47312"
"852812","47313"
"852813","47313"
"852821","47313"
"852822","47313"
"852830","47313"
"851910","47321"
"851921","47321"
"851929","47321"
"851931","47321"
"851939","47321"
"851940","47321"
"851992","47321"
"851993","47321"
"851999","47321"
"852010","47322"
"852020","47322"
"852032","47322"
"852033","47322"
"852039","47322"
"852090","47322"
"852110","47323"
"852190","47323"
"852540","47323"
"851810","47331"
"851821","47331"
"851822","47331"
"851829","47331"
"851830","47331"
"851840","47331"
"851850","47331"
"852790","47332"
"851790","47401"
"851890","47402"
"852210","47402"
"852290","47402"
"852910","47403"
"852990","47403"
"852311","47510"
"852312","47510"
"852313","47510"
"852320","47510"
"852390","47510"
"852410","47520"
"852431","47520"
"852432","47520"
"852439","47520"
"852440","47520"
"852451","47520"
"852452","47520"
"852453","47520"
"852491","47520"
"852499","47520"
"852330","47600"
"852460","47600"
"854210","47600"
"902212","48110"
"902213","48110"
"902214","48110"
"902219","48110"
"902221","48110"
"902229","48110"
"902230","48110"
"902290","48110"
"901811","48120"
"901812","48120"
"901813","48120"
"901814","48120"
"901819","48120"
"901820","48120"
"901841","48130"
"901849","48130"
"841920","48140"
"901831","48150"
"901832","48150"
"901839","48150"
"901850","48150"
"901890","48150"
"901910","48160"
"901920","48160"
"902000","48160"
"902110","48170"
"902121","48170"
"902129","48170"
"902131","48170"
"902139","48170"
"902140","48170"
"902150","48170"
"902190","48170"
"940210","48180"
"940290","48180"
"901410","48211"
"901420","48211"
"901480","48211"
"901510","48212"
"901520","48212"
"901530","48212"
"901540","48212"
"901580","48212"
"852610","48220"
"852691","48220"
"852692","48220"
"901600","48231"
"901710","48232"
"901720","48232"
"901730","48233"
"901780","48233"
"903010","48241"
"903020","48242"
"903031","48243"
"903039","48243"
"903040","48244"
"903082","48245"
"903083","48245"
"903089","48245"
"902511","48251"
"902519","48251"
"902580","48251"
"902610","48252"
"902620","48252"
"902680","48252"
"902710","48253"
"902720","48253"
"902730","48253"
"902740","48253"
"902750","48253"
"902780","48253"
"901210","48261"
"902410","48262"
"902480","48262"
"902810","48263"
"902820","48263"
"902830","48263"
"902910","48264"
"902920","48264"
"903110","48265"
"903120","48265"
"903130","48265"
"903141","48265"
"903149","48265"
"903180","48265"
"903210","48265"
"903220","48265"
"903281","48265"
"903289","48265"
"903289","48270"
"901490","48281"
"901590","48281"
"901790","48281"
"902490","48281"
"902590","48281"
"902690","48281"
"902790","48281"
"903090","48281"
"903300","48281"
"901290","48282"
"902890","48283"
"902990","48283"
"903190","48284"
"903290","48284"
"900110","48311"
"900120","48311"
"900130","48311"
"900140","48311"
"900150","48311"
"900190","48311"
"900219","48311"
"900220","48311"
"900290","48311"
"900410","48312"
"900490","48312"
"900311","48313"
"900319","48313"
"900510","48314"
"900580","48314"
"901110","48314"
"901120","48314"
"901180","48314"
"901310","48315"
"901320","48315"
"901380","48315"
"900211","48321"
"900610","48322"
"900620","48322"
"900630","48322"
"900640","48322"
"900651","48322"
"900652","48322"
"900653","48322"
"900659","48322"
"900711","48322"
"900719","48322"
"900720","48323"
"900810","48323"
"900830","48323"
"900661","48324"
"900669","48324"
"900840","48324"
"901010","48324"
"901041","48324"
"901042","48324"
"901049","48324"
"901050","48324"
"901060","48324"
"900820","48330"
"370110","48341"
"370120","48341"
"370130","48341"
"370191","48341"
"370199","48341"
"370210","48341"
"370220","48341"
"370231","48341"
"370232","48341"
"370239","48341"
"370241","48341"
"370242","48341"
"370243","48341"
"370244","48341"
"370251","48341"
"370252","48341"
"370253","48341"
"370254","48341"
"370255","48341"
"370256","48341"
"370291","48341"
"370293","48341"
"370294","48341"
"370295","48341"
"370310","48341"
"370320","48341"
"370390","48341"
"370710","48342"
"370790","48342"
"900590","48351"
"901190","48351"
"901390","48351"
"900390","48352"
"900691","48353"
"900699","48353"
"900791","48353"
"900792","48353"
"900890","48353"
"901090","48353"
"910111","48410"
"910112","48410"
"910119","48410"
"910121","48410"
"910129","48410"
"910191","48410"
"910199","48410"
"910211","48410"
"910212","48410"
"910219","48410"
"910221","48410"
"910229","48410"
"910291","48410"
"910299","48410"
"910310","48420"
"910390","48420"
"910400","48420"
"910511","48420"
"910519","48420"
"910521","48420"
"910529","48420"
"910591","48420"
"910599","48420"
"910610","48430"
"910620","48430"
"910690","48430"
"910700","48430"
"910811","48440"
"910812","48440"
"910819","48440"
"910820","48440"
"910890","48440"
"910911","48440"
"910919","48440"
"910990","48440"
"911011","48440"
"911012","48440"
"911019","48440"
"911090","48440"
"911110","48490"
"911120","48490"
"911180","48490"
"911190","48490"
"911220","48490"
"911290","48490"
"911310","48490"
"911320","48490"
"911410","48490"
"911420","48490"
"911430","48490"
"911440","48490"
"911490","48490"
"870120","49111"
"870210","49112"
"870290","49112"
"870321","49113"
"870322","49113"
"870323","49113"
"870324","49113"
"870331","49113"
"870332","49113"
"870333","49113"
"870390","49113"
"870421","49114"
"870422","49114"
"870423","49114"
"870431","49114"
"870432","49114"
"870490","49114"
"870510","49115"
"870310","49116"
"870520","49119"
"870530","49119"
"870540","49119"
"870590","49119"
"870600","49121"
"870810","49129"
"870831","49129"
"870839","49129"
"870840","49129"
"870850","49129"
"870860","49129"
"870870","49129"
"870880","49129"
"870891","49129"
"870892","49129"
"870893","49129"
"870894","49129"
"870899","49129"
"870710","49210"
"870790","49210"
"860900","49221"
"871610","49222"
"871631","49229"
"871639","49229"
"871640","49229"
"870821","49231"
"870829","49231"
"871690","49232"
"890110","49311"
"890120","49312"
"890130","49313"
"890190","49314"
"890200","49315"
"890400","49316"
"890510","49319"
"890590","49319"
"890610","49319"
"890690","49319"
"890520","49320"
"890710","49390"
"890790","49390"
"890391","49410"
"890310","49490"
"890392","49490"
"890399","49490"
"860110","49511"
"860210","49512"
"860120","49519"
"860290","49519"
"860310","49520"
"860390","49520"
"860400","49531"
"860500","49532"
"860610","49533"
"860620","49533"
"860630","49533"
"860691","49533"
"860692","49533"
"860699","49533"
"860711","49540"
"860712","49540"
"860719","49540"
"860721","49540"
"860729","49540"
"860730","49540"
"860791","49540"
"860799","49540"
"860800","49540"
"880110","49611"
"880190","49612"
"880211","49621"
"880212","49621"
"880220","49622"
"880230","49623"
"880240","49623"
"880260","49630"
"880310","49640"
"880320","49640"
"880330","49640"
"880390","49640"
"871110","49911"
"871120","49912"
"871130","49912"
"871140","49912"
"871150","49912"
"871190","49913"
"871200","49921"
"871310","49922"
"871390","49922"
"871680","49930"
"871411","49941"
"871419","49941"
"871420","49942"
"871491","49942"
"871492","49942"
"871493","49942"
"871494","49942"
"871495","49942"
"871496","49942"
"871499","49942"
"999999","44720"
