HS12,CPC
100111,1111
100191,1111
100119,1112
100199,1112
100510,1121
100590,1122
100610,1131
100610,1132
100710,1141
100790,1142
100310,1151
100390,1152
100210,1161
100290,1162
100410,1171
100490,1172
100821,1181
100829,1182
100860,1191
100810,1192
100840,1193
100850,1194
100830,1195
100890,1199
70920,1211
70420,1212
70490,1212
70410,1213
70511,1214
70519,1214
70521,1214
70529,1214
70970,1215
70991,1216
70999,1219
80711,1221
80719,1229
70960,1231
70700,1232
70930,1233
70200,1234
70993,1235
70999,1239
70820,1241
70810,1242
70890,1243
70890,1249
70610,1251
70320,1252
70310,1253
70390,1254
70690,1259
120991,1260
70951,1270
70959,1270
70940,1290
70999,1290
80440,1311
80390,1312
80310,1313
80410,1314
80420,1315
80450,1316
80720,1317
80430,1318
81060,1319
81090,1319
80540,1321
80550,1322
80510,1323
80520,1324
80590,1329
80610,1330
80810,1341
80830,1342
80840,1342
80910,1343
80921,1344
80929,1344
80930,1345
80940,1346
81090,1349
81030,1351
81050,1352
81020,1353
81010,1354
81040,1355
81090,1355
121292,1356
81070,1359
81090,1359
120999,1360
80211,1371
80131,1372
80241,1373
80221,1374
80251,1375
80231,1376
80121,1377
80261,1379
80270,1379
80280,1379
80290,1379
120110,1411
120190,1412
120230,1421
120241,1422
120721,1431
120729,1432
120400,1441
120750,1442
120510,1443
120590,1443
120740,1444
120600,1445
120760,1446
120730,1447
120791,1448
120770,1449
120799,1449
70992,1450
80112,1460
80119,1460
120710,1491
120300,1492
120799,1499
70110,1510
70190,1510
71410,1520
71420,1530
71430,1540
71440,1550
71450,1591
71490,1599
90111,1610
90220,1620
90240,1620
90300,1630
180100,1640
90411,1651
90421,1652
90811,1653
90821,1653
90831,1653
90921,1654
90931,1654
90961,1654
90611,1655
90619,1655
90710,1656
91011,1657
90510,1658
121010,1659
121020,1659
121294,1691
91020,1699
91030,1699
91091,1699
91099,1699
121299,1699
71331,1701
71332,1701
71333,1701
71339,1701
71350,1702
71320,1703
71340,1704
71310,1705
71335,1706
71360,1707
71334,1708
71390,1709
121291,1801
121293,1802
120910,1803
121299,1809
121490,1911
121490,1912
121300,1913
121490,1919
520100,1921
530310,1922
530110,1929
530210,1929
530500,1929
121120,1930
121130,1930
121140,1930
121190,1930
130211,1930
120921,1940
120922,1940
120923,1940
120924,1940
120925,1940
120929,1940
400110,1950
400121,1950
400122,1950
400129,1950
60110,1961
60120,1961
60210,1961
60220,1961
60230,1961
60240,1961
60290,1961
60311,1962
60312,1962
60313,1962
60314,1962
60315,1962
60319,1962
60390,1962
120930,1963
240110,1970
120999,1990
121299,1990
10221,2111
10229,2111
10231,2112
10239,2112
10290,2119
10613,2121
10410,2122
10420,2123
10619,2129
10121,2131
10129,2131
10130,2132
10190,2133
10310,2140
10391,2140
10392,2140
10511,2151
10594,2151
10512,2152
10599,2152
10514,2153
10599,2153
10513,2154
10599,2154
10515,2155
10599,2155
10614,2191
10611,2192
10612,2192
10619,2192
10633,2193
10631,2194
10632,2194
10639,2194
10620,2195
10641,2196
10649,2199
10690,2199
40120,2211
40140,2211
40150,2211
40120,2212
40140,2212
40150,2212
40120,2291
40140,2291
40150,2291
40120,2292
40140,2292
40150,2292
40120,2293
40140,2293
40150,2293
40120,2299
40140,2299
40150,2299
40711,2311
40721,2312
40719,2321
40729,2322
51110,2411
51199,2419
51199,2420
40900,2910
30760,2920
160558,2920
41000,2930
510111,2941
510119,2942
510220,2942
510211,2943
510219,2943
500100,2944
410120,2951
410150,2951
410190,2951
410120,2952
410150,2952
410190,2952
410210,2953
410221,2953
410229,2953
410390,2954
430110,2955
430130,2955
430160,2955
430180,2955
430190,2955
410320,2959
410330,2959
410390,2959
152190,2960
440320,3110
440341,3120
440349,3120
440391,3120
440392,3120
440399,3120
440110,3131
440110,3132
400130,3211
130120,3219
130190,3219
450110,3220
80290,3230
60420,3241
60420,3249
60490,3249
140110,3250
140120,3250
140190,3250
140490,3250
30111,4111
30119,4111
30111,4112
30119,4112
30191,4191
30192,4191
30193,4191
30194,4191
30195,4191
30199,4191
30191,4192
30192,4192
30193,4192
30194,4192
30195,4192
30199,4192
30192,4211
30193,4211
30199,4211
30271,4211
30272,4211
30273,4211
30274,4211
30279,4211
30289,4211
30192,4212
30193,4212
30199,4212
30271,4212
30272,4212
30273,4212
30274,4212
30279,4212
30289,4212
30191,4221
30199,4221
30211,4221
30213,4221
30214,4221
30219,4221
30191,4222
30199,4222
30211,4222
30213,4222
30214,4222
30219,4222
30199,4231
30221,4231
30222,4231
30223,4231
30224,4231
30229,4231
30199,4232
30221,4232
30222,4232
30223,4232
30224,4232
30229,4232
30199,4241
30251,4241
30252,4241
30253,4241
30254,4241
30255,4241
30256,4241
30259,4241
30199,4242
30251,4242
30252,4242
30253,4242
30254,4242
30255,4242
30256,4242
30259,4242
30194,4251
30195,4251
30199,4251
30231,4251
30232,4251
30233,4251
30234,4251
30235,4251
30236,4251
30239,4251
30194,4252
30195,4252
30199,4252
30231,4252
30232,4252
30233,4252
30234,4252
30235,4252
30236,4252
30239,4252
30199,4261
30241,4261
30242,4261
30243,4261
30244,4261
30245,4261
30246,4261
30247,4261
30289,4261
30199,4262
30241,4262
30242,4262
30243,4262
30244,4262
30245,4262
30246,4262
30247,4262
30289,4262
30199,4291
30281,4291
30282,4291
30283,4291
30284,4291
30285,4291
30289,4291
30199,4292
30281,4292
30282,4292
30283,4292
30284,4292
30285,4292
30289,4292
30624,4311
30624,4312
30621,4321
30621,4322
30622,4331
30622,4332
30625,4341
30625,4342
30626,4351
30626,4352
30627,4361
30627,4362
30629,4391
30629,4392
30781,4411
30781,4412
30711,4421
30711,4422
30731,4431
30731,4432
30721,4441
30721,4442
30771,4451
30771,4452
30741,4461
30741,4462
30751,4471
30751,4472
30791,4491
30791,4492
30811,4511
30811,4512
30821,4521
30821,4522
30830,4530
30890,4590
50800,4911
60290,4912
60290,4913
51199,4920
121221,4931
121221,4932
121229,4933
130231,4933
121229,4934
130231,4934
270111,11010
270112,11010
270119,11010
270120,11020
270210,11030
270220,11040
270300,11050
270900,12010
271111,12020
271121,12020
271410,12030
261210,13000
261220,13000
260111,14100
260112,14100
260300,14210
260400,14220
260600,14230
261610,14240
261690,14240
260200,14290
260500,14290
260700,14290
260800,14290
260900,14290
261000,14290
261100,14290
261310,14290
261390,14290
261400,14290
261510,14290
261590,14290
261710,14290
261790,14290
251400,15110
251511,15120
251512,15120
251520,15120
250620,15130
251611,15130
251612,15130
251620,15130
251690,15130
252010,15200
252100,15200
250510,15310
250590,15310
251710,15320
251720,15320
251741,15320
251749,15320
271490,15330
250700,15400
250810,15400
250830,15400
250840,15400
250850,15400
250860,15400
250870,15400
251010,16110
251020,16110
250200,16120
251110,16190
251120,16190
252800,16190
252921,16190
252922,16190
253020,16190
253090,16190
250100,16200
710210,16310
710231,16310
710310,16310
251310,16320
251320,16320
710221,16320
250900,16330
251810,16330
250410,16390
250490,16390
250610,16390
251200,16390
251910,16390
251990,16390
252410,16390
252490,16390
252510,16390
252520,16390
252610,16390
252620,16390
252910,16390
252930,16390
253010,16390
271600,17100
270500,17200
220190,17300
220190,17400
220190,18000
20110,21111
20120,21111
20130,21111
20110,21112
20120,21112
20130,21112
20311,21113
20312,21113
20319,21113
20810,21114
20410,21115
20421,21115
20422,21115
20423,21115
20450,21116
20860,21117
20500,21118
20830,21119
20840,21119
20890,21119
20711,21121
20713,21121
20741,21122
20744,21122
20751,21123
20754,21123
20724,21124
20726,21124
20760,21125
20210,21131
20220,21131
20230,21131
20210,21132
20220,21132
20230,21132
20321,21133
20322,21133
20329,21133
20810,21134
20430,21135
20441,21135
20442,21135
20443,21135
20450,21136
20860,21137
20500,21138
20830,21139
20840,21139
20890,21139
20712,21141
20714,21141
20742,21142
20745,21142
20752,21143
20755,21143
20725,21144
20727,21144
20760,21145
20610,21151
20621,21151
20622,21151
20629,21151
50400,21151
20610,21152
20621,21152
20622,21152
20629,21152
50400,21152
20630,21153
20641,21153
20649,21153
50400,21153
20680,21155
20690,21155
50400,21155
20680,21156
20690,21156
50400,21156
20680,21159
20690,21159
20810,21159
20830,21159
20840,21159
20860,21159
20890,21159
20713,21160
20714,21160
20726,21160
20727,21160
20743,21160
20744,21160
20745,21160
20753,21160
20754,21160
20755,21160
20760,21160
20850,21170
20890,21170
21011,21181
21012,21181
21019,21181
21020,21182
21091,21183
21092,21183
21093,21183
21099,21183
160100,21184
160300,21185
160100,21186
160220,21186
160231,21186
160232,21186
160239,21186
160241,21186
160242,21186
160249,21186
160250,21186
160290,21186
160220,21189
160231,21189
160232,21189
160239,21189
160241,21189
160242,21189
160249,21189
160250,21189
160290,21189
230110,21190
30323,21211
30324,21211
30325,21211
30326,21211
30329,21211
30389,21211
30311,21212
30312,21212
30313,21212
30314,21212
30319,21212
30331,21213
30332,21213
30333,21213
30334,21213
30339,21213
30363,21214
30364,21214
30365,21214
30366,21214
30367,21214
30368,21214
30369,21214
30341,21215
30342,21215
30343,21215
30344,21215
30345,21215
30346,21215
30349,21215
30351,21216
30353,21216
30354,21216
30355,21216
30356,21216
30357,21216
30389,21216
30381,21219
30382,21219
30383,21219
30384,21219
30389,21219
30431,21221
30432,21221
30433,21221
30439,21221
30441,21221
30442,21221
30443,21221
30444,21221
30445,21221
30446,21221
30449,21221
30451,21221
30452,21221
30453,21221
30454,21221
30455,21221
30459,21221
30461,21222
30462,21222
30463,21222
30469,21222
30471,21222
30472,21222
30473,21222
30474,21222
30475,21222
30479,21222
30481,21222
30482,21222
30483,21222
30484,21222
30485,21222
30486,21222
30487,21222
30489,21222
30491,21223
30492,21223
30493,21223
30494,21223
30495,21223
30499,21223
30531,21224
30532,21224
30539,21224
30290,21225
30390,21226
30520,21227
30551,21231
30559,21231
30561,21231
30562,21231
30563,21231
30564,21231
30569,21231
30541,21232
30542,21232
30543,21232
30544,21232
30549,21232
30510,21233
30571,21234
30572,21234
30579,21234
160411,21241
160412,21241
160413,21241
160414,21241
160415,21241
160416,21241
160417,21241
160419,21241
160420,21241
160510,21241
160521,21241
160529,21241
160530,21241
160540,21241
160551,21241
160552,21241
160553,21241
160554,21241
160555,21241
160556,21241
160557,21241
160559,21241
160561,21241
160562,21241
160563,21241
160569,21241
160411,21242
160412,21242
160413,21242
160414,21242
160415,21242
160416,21242
160417,21242
160419,21242
160420,21242
160431,21243
160432,21243
30614,21251
30624,21251
30611,21252
30621,21252
30612,21253
30622,21253
30615,21254
30625,21254
30616,21255
30626,21255
30617,21256
30627,21256
30619,21259
30629,21259
30789,21261
30719,21262
30739,21263
30729,21264
30779,21265
30749,21266
30759,21267
30799,21268
30819,21269
30829,21269
30830,21269
30890,21269
160510,21270
160521,21270
160529,21270
160530,21270
160540,21270
160551,21280
160552,21280
160553,21280
160554,21280
160555,21280
160556,21280
160557,21280
160559,21280
160561,21280
160562,21280
160563,21280
160569,21280
230120,21291
51191,21299
71022,21311
71021,21312
71010,21313
71029,21319
71030,21319
71040,21319
71080,21319
71090,21319
200950,21321
200989,21329
200990,21329
71120,21330
71140,21330
71151,21330
71159,21330
71190,21330
200110,21340
200190,21340
200490,21391
110510,21392
110520,21392
71220,21393
71231,21393
71232,21393
71233,21393
71239,21393
71290,21393
200410,21394
200520,21394
200551,21395
200559,21395
200540,21396
200310,21397
200390,21397
200210,21399
200290,21399
200490,21399
200560,21399
200570,21399
200580,21399
200591,21399
200599,21399
80620,21411
81320,21412
80310,21419
80390,21419
80410,21419
80420,21419
80430,21419
80440,21419
80450,21419
80510,21419
80520,21419
80540,21419
80550,21419
80590,21419
81310,21419
81330,21419
81340,21419
81350,21419
120242,21421
80212,21422
80222,21423
80132,21424
80111,21429
80119,21429
80122,21429
80232,21429
80242,21429
80252,21429
80262,21429
80270,21429
80280,21429
80290,21429
200911,21431
200912,21431
200919,21431
200921,21432
200929,21432
200941,21433
200949,21433
200961,21434
200969,21434
200971,21435
200979,21435
200931,21439
200939,21439
200981,21439
200989,21439
200990,21439
200820,21491
200870,21492
81110,21493
81120,21493
81190,21493
200791,21494
200799,21494
200811,21495
200819,21495
81210,21496
81290,21496
81400,21496
121299,21499
200190,21499
200830,21499
200840,21499
200850,21499
200860,21499
200880,21499
200891,21499
200893,21499
200897,21499
200899,21499
20910,21511
20990,21511
150290,21512
150290,21513
150290,21514
150290,21515
150500,21519
150600,21519
150110,21521
150120,21521
150190,21522
150210,21523
150410,21524
150420,21525
150430,21526
150300,21529
150500,21529
150600,21529
151610,21590
150710,21611
150790,21612
150810,21621
150890,21622
151211,21631
151219,21632
151411,21641
151491,21641
151419,21642
151499,21642
151110,21651
151190,21652
151311,21661
151319,21662
150910,21671
150990,21672
151000,21673
151221,21681
151229,21682
151321,21691
151329,21691
151511,21691
151519,21691
151521,21691
151529,21691
151530,21691
151550,21691
151590,21691
151620,21693
151710,21700
151790,21700
140420,21800
230400,21910
230500,21910
230610,21910
230620,21910
230630,21910
230641,21910
230649,21910
230650,21910
230660,21910
230690,21910
120810,21920
120890,21920
152110,21931
152200,21932
40110,22110
40120,22110
40140,22120
40150,22120
40410,22130
40221,22211
40229,22211
40210,22212
40490,22219
40291,22221
40299,22222
40291,22229
40299,22229
40310,22230
40390,22230
40510,22241
40520,22241
40590,22241
40510,22242
40520,22242
40590,22242
40510,22249
40520,22249
40590,22249
40610,22251
40620,22251
40630,22251
40640,22251
40690,22251
40610,22252
40620,22252
40630,22252
40640,22252
40690,22252
40610,22253
40620,22253
40630,22253
40640,22253
40690,22253
40610,22254
40620,22254
40630,22254
40640,22254
40690,22254
40610,22259
40620,22259
40630,22259
40640,22259
40690,22259
350110,22260
210500,22270
40490,22290
40790,22300
110100,23110
110220,23120
110290,23120
110311,23130
110313,23130
110319,23130
110320,23130
110412,23140
110419,23140
110422,23140
110423,23140
110429,23140
110430,23140
190410,23140
190420,23140
190430,23140
190490,23140
100630,23161
100640,23161
100620,23162
110610,23170
110620,23170
110630,23170
190120,23180
170211,23210
170219,23210
170230,23210
170240,23210
170250,23210
170260,23210
170290,23210
110811,23220
110812,23220
110813,23220
110814,23220
110819,23220
110820,23220
110900,23220
350510,23220
190300,23230
230910,23311
230990,23319
121410,23320
190510,23410
190540,23410
190520,23420
190531,23420
190532,23420
190590,23430
190590,23490
170113,23511
170114,23511
170112,23512
170199,23520
170191,23530
170220,23530
170310,23540
170390,23540
180310,23610
180320,23610
180400,23620
180500,23630
180610,23640
180620,23650
180631,23660
180632,23660
180690,23660
170410,23670
170490,23670
200600,23670
190211,23710
190219,23710
190220,23721
190230,23721
190240,23721
190220,23722
190230,23722
190240,23722
90112,23911
90121,23911
90122,23911
90190,23912
210111,23912
210112,23912
210130,23912
90210,23913
90230,23913
210120,23914
90412,23921
90422,23922
90812,23923
90822,23923
90832,23923
90922,23924
90932,23924
90962,23924
90620,23925
90720,23926
91012,23927
90520,23928
91020,23929
91030,23929
91091,23929
91099,23929
160210,23991
190110,23991
200510,23991
200710,23991
210420,23991
210410,23992
40811,23993
40819,23993
40891,23993
40899,23993
350211,23993
350219,23993
220900,23994
210310,23995
210320,23995
210330,23995
210390,23995
210210,23996
210220,23996
210230,23996
190490,23997
190590,23997
130212,23999
130213,23999
130219,23999
130220,23999
130231,23999
130232,23999
130239,23999
190190,23999
210610,23999
210690,23999
220710,24110
220820,24131
220830,24131
220840,24131
220850,24131
220860,24131
220870,24131
220890,24139
220410,24211
220421,24212
220429,24212
220430,24212
220510,24220
220590,24220
220600,24230
220300,24310
110710,24320
110720,24320
220110,24410
220190,24410
220210,24490
220290,24490
240120,25010
240210,25020
240220,25020
240290,25020
240311,25090
240319,25090
240391,25090
240399,25090
500200,26110
510121,26130
510129,26130
510130,26130
510310,26140
510510,26150
510521,26150
510529,26150
510531,26150
510539,26150
510540,26150
520300,26160
530390,26170
530121,26190
530129,26190
530130,26190
530290,26190
530500,26190
550610,26210
550620,26210
550630,26210
550690,26210
550700,26220
500400,26310
500500,26310
500600,26310
510610,26320
510710,26320
510620,26330
510720,26330
510810,26340
510820,26340
510910,26340
510990,26340
511000,26340
520411,26350
520419,26350
520420,26350
520511,26360
520512,26360
520513,26360
520514,26360
520515,26360
520521,26360
520522,26360
520523,26360
520524,26360
520526,26360
520527,26360
520528,26360
520531,26360
520532,26360
520533,26360
520534,26360
520535,26360
520541,26360
520542,26360
520543,26360
520544,26360
520546,26360
520547,26360
520548,26360
520710,26360
520611,26370
520612,26370
520613,26370
520614,26370
520615,26370
520621,26370
520622,26370
520623,26370
520624,26370
520625,26370
520631,26370
520632,26370
520633,26370
520634,26370
520635,26370
520641,26370
520642,26370
520643,26370
520644,26370
520645,26370
520790,26370
530610,26380
530620,26380
530710,26380
530720,26380
530810,26380
530820,26380
530890,26380
540110,26410
540120,26410
550810,26410
550820,26410
540261,26421
540262,26421
540269,26421
540341,26421
540342,26421
540349,26421
540600,26422
550911,26430
550912,26430
550921,26430
550922,26430
550931,26430
550932,26430
550941,26430
550942,26430
551110,26430
550951,26440
550952,26440
550953,26440
550959,26440
550961,26440
550962,26440
550969,26440
550991,26440
550992,26440
550999,26440
551120,26440
551011,26450
551012,26450
551020,26461
551030,26461
551090,26461
551130,26462
500710,26510
500720,26510
500790,26510
511111,26520
511119,26520
511211,26530
511219,26530
511120,26540
511130,26540
511190,26540
511220,26540
511230,26540
511290,26540
511300,26550
530911,26560
530919,26560
530921,26560
530929,26560
531010,26570
531090,26570
531100,26590
520811,26610
520812,26610
520813,26610
520819,26610
520821,26610
520822,26610
520823,26610
520829,26610
520831,26610
520832,26610
520833,26610
520839,26610
520841,26610
520842,26610
520843,26610
520849,26610
520851,26610
520852,26610
520859,26610
520911,26620
520912,26620
520919,26620
520921,26620
520922,26620
520929,26620
520931,26620
520932,26620
520939,26620
520941,26620
520942,26620
520943,26620
520949,26620
520951,26620
520952,26620
520959,26620
521011,26630
521019,26630
521021,26630
521029,26630
521031,26630
521032,26630
521039,26630
521041,26630
521049,26630
521051,26630
521059,26630
521111,26630
521112,26630
521119,26630
521120,26630
521131,26630
521132,26630
521139,26630
521141,26630
521142,26630
521143,26630
521149,26630
521151,26630
521152,26630
521159,26630
521211,26690
521212,26690
521213,26690
521214,26690
521215,26690
521221,26690
521222,26690
521223,26690
521224,26690
521225,26690
540710,26710
540720,26710
540730,26710
540810,26710
540741,26720
540742,26720
540743,26720
540744,26720
540751,26720
540752,26720
540753,26720
540754,26720
540761,26720
540769,26720
540771,26720
540772,26720
540773,26720
540774,26720
540821,26720
540822,26720
540823,26720
540824,26720
540781,26730
540782,26730
540783,26730
540784,26730
540791,26730
540792,26730
540793,26730
540794,26730
540831,26730
540832,26730
540833,26730
540834,26730
551211,26740
551219,26740
551221,26740
551229,26740
551291,26740
551299,26740
551611,26750
551612,26750
551613,26750
551614,26750
551311,26760
551312,26760
551313,26760
551319,26760
551321,26760
551323,26760
551329,26760
551331,26760
551339,26760
551341,26760
551349,26760
551411,26760
551412,26760
551419,26760
551421,26760
551422,26760
551423,26760
551429,26760
551430,26760
551441,26760
551442,26760
551443,26760
551449,26760
551641,26760
551642,26760
551643,26760
551644,26760
551513,26770
551522,26770
551631,26770
551632,26770
551633,26770
551634,26770
551511,26790
551512,26790
551519,26790
551521,26790
551529,26790
551591,26790
551599,26790
551621,26790
551622,26790
551623,26790
551624,26790
551691,26790
551692,26790
551693,26790
551694,26790
580121,26810
580122,26810
580123,26810
580126,26810
580127,26810
580131,26820
580132,26820
580133,26820
580136,26820
580137,26820
580110,26830
580190,26830
580211,26840
580219,26840
580220,26850
580300,26860
580230,26880
701940,26890
701951,26890
701952,26890
701959,26890
630120,27110
630130,27110
630140,27110
630190,27110
630210,27120
630221,27120
630222,27120
630229,27120
630231,27120
630232,27120
630239,27120
630240,27120
630251,27120
630253,27120
630259,27120
630260,27120
630291,27120
630293,27120
630299,27120
630312,27130
630319,27130
630391,27130
630392,27130
630399,27130
580500,27140
630411,27140
630419,27140
630491,27140
630492,27140
630493,27140
630499,27140
630800,27140
630510,27150
630520,27150
630532,27150
630533,27150
630539,27150
630590,27150
630612,27160
630619,27160
630622,27160
630629,27160
630630,27160
630640,27160
630690,27160
880400,27170
940430,27180
940490,27180
630710,27190
630720,27190
630790,27190
570110,27210
570190,27210
570210,27220
570220,27220
570231,27220
570232,27220
570239,27220
570241,27220
570242,27220
570249,27220
570250,27220
570291,27220
570292,27220
570299,27220
570310,27230
570320,27230
570330,27230
570390,27230
570410,27290
570490,27290
570500,27290
560721,27310
560729,27310
560741,27310
560749,27310
560750,27310
560790,27310
560811,27320
560819,27320
560890,27320
560900,27320
580610,27911
580620,27911
580631,27911
580632,27911
580639,27911
580640,27911
580710,27911
580790,27911
580810,27911
580890,27911
580410,27912
580421,27912
580429,27912
580430,27912
581010,27913
581091,27913
581092,27913
581099,27913
560210,27921
560221,27921
560229,27921
560290,27921
560311,27922
560312,27922
560313,27922
560314,27922
560391,27922
560392,27922
560393,27922
560394,27922
560121,27991
560122,27991
560129,27991
560130,27991
560410,27992
560490,27992
560500,27993
580900,27994
560600,27995
590210,27996
590220,27996
590290,27996
590110,27997
590190,27997
590310,27997
590320,27997
590390,27997
590700,27997
590800,27998
590900,27998
591000,27998
591110,27998
591120,27998
591131,27998
591132,27998
591140,27998
591190,27998
581100,27999
600110,28110
600121,28110
600122,28110
600129,28110
600191,28110
600192,28110
600199,28110
600240,28190
600290,28190
600310,28190
600320,28190
600330,28190
600340,28190
600390,28190
600410,28190
600490,28190
600521,28190
600522,28190
600523,28190
600524,28190
600531,28190
600532,28190
600533,28190
600534,28190
600541,28190
600542,28190
600543,28190
600544,28190
600590,28190
600610,28190
600621,28190
600622,28190
600623,28190
600624,28190
600631,28190
600632,28190
600633,28190
600634,28190
600641,28190
600642,28190
600643,28190
600644,28190
600690,28190
611510,28210
611521,28210
611522,28210
611529,28210
611530,28210
611594,28210
611595,28210
611596,28210
611599,28210
610120,28221
610130,28221
610190,28221
610310,28221
610322,28221
610323,28221
610329,28221
610331,28221
610332,28221
610333,28221
610339,28221
610341,28221
610342,28221
610343,28221
610349,28221
610510,28222
610520,28222
610590,28222
610711,28222
610712,28222
610719,28222
610721,28222
610722,28222
610729,28222
610791,28222
610799,28222
610210,28223
610220,28223
610230,28223
610290,28223
610413,28223
610419,28223
610422,28223
610423,28223
610429,28223
610431,28223
610432,28223
610433,28223
610439,28223
610441,28223
610442,28223
610443,28223
610444,28223
610449,28223
610451,28223
610452,28223
610453,28223
610459,28223
610461,28223
610462,28223
610463,28223
610469,28223
610610,28224
610620,28224
610690,28224
610811,28224
610819,28224
610821,28224
610822,28224
610829,28224
610831,28224
610832,28224
610839,28224
610891,28224
610892,28224
610899,28224
610910,28225
610990,28225
611011,28226
611012,28226
611019,28226
611020,28226
611030,28226
611090,28226
611120,28227
611130,28227
611190,28227
611211,28228
611212,28228
611219,28228
611220,28228
611231,28228
611239,28228
611241,28228
611249,28228
611420,28228
611430,28228
611490,28228
611610,28229
611691,28229
611692,28229
611693,28229
611699,28229
611710,28229
611780,28229
611790,28229
620111,28231
620112,28231
620113,28231
620119,28231
620191,28231
620192,28231
620193,28231
620199,28231
620311,28231
620312,28231
620319,28231
620322,28231
620323,28231
620329,28231
620331,28231
620332,28231
620333,28231
620339,28231
620341,28231
620342,28231
620343,28231
620349,28231
620520,28232
620530,28232
620590,28232
620711,28232
620719,28232
620721,28232
620722,28232
620729,28232
620791,28232
620799,28232
620211,28233
620212,28233
620213,28233
620219,28233
620291,28233
620292,28233
620293,28233
620299,28233
620411,28233
620412,28233
620413,28233
620419,28233
620421,28233
620422,28233
620423,28233
620429,28233
620431,28233
620432,28233
620433,28233
620439,28233
620441,28233
620442,28233
620443,28233
620444,28233
620449,28233
620451,28233
620452,28233
620453,28233
620459,28233
620461,28233
620462,28233
620463,28233
620469,28233
620610,28234
620620,28234
620630,28234
620640,28234
620690,28234
620811,28234
620819,28234
620821,28234
620822,28234
620829,28234
620891,28234
620892,28234
620899,28234
620920,28235
620930,28235
620990,28235
621111,28236
621112,28236
621120,28236
621132,28236
621133,28236
621139,28236
621142,28236
621143,28236
621149,28236
621210,28237
621220,28237
621230,28237
621290,28237
621320,28238
621390,28238
621410,28238
621420,28238
621430,28238
621440,28238
621490,28238
621510,28238
621520,28238
621590,28238
621600,28238
621710,28238
621790,28238
420310,28241
420329,28242
420330,28242
420340,28242
392620,28243
611300,28250
621010,28250
621020,28250
621030,28250
621040,28250
621050,28250
650100,28261
650200,28261
650400,28262
650500,28262
650699,28269
650700,28269
430211,28310
430219,28310
430220,28310
430230,28310
430310,28320
430390,28320
430400,28330
411410,29110
411420,29110
410411,29120
410419,29120
410441,29120
410449,29120
410711,29120
410712,29120
410719,29120
410791,29120
410792,29120
410799,29120
410510,29130
410530,29130
410621,29130
410622,29130
410631,29130
410632,29130
410640,29130
410691,29130
410692,29130
411200,29130
411310,29130
411320,29130
411330,29130
411390,29130
411510,29130
420100,29210
420211,29220
420212,29220
420219,29220
420221,29220
420222,29220
420229,29220
420231,29220
420232,29220
420239,29220
420291,29220
420292,29220
420299,29220
960500,29220
911390,29230
420500,29290
640192,29310
640199,29310
640220,29320
640291,29320
640299,29320
640351,29330
640359,29330
640391,29330
640399,29330
640510,29330
640419,29340
640420,29340
640520,29340
640212,29410
640312,29410
640411,29420
640219,29490
640319,29490
640110,29510
640340,29510
640320,29520
640590,29520
640610,29600
640620,29600
640690,29600
440710,31101
440721,31102
440722,31102
440725,31102
440726,31102
440727,31102
440728,31102
440729,31102
440791,31102
440792,31102
440793,31102
440794,31102
440795,31102
440799,31102
440610,31109
440910,31211
440921,31212
440929,31219
440500,31220
440121,31230
440122,31230
440310,31310
440690,31320
440410,31330
440420,31330
441239,31411
441231,31412
441232,31412
441294,31421
441299,31421
441294,31422
441299,31422
441011,31431
441012,31432
441019,31439
441090,31439
441112,31441
441113,31441
441114,31441
441192,31442
441193,31449
441194,31449
441210,31450
440810,31511
440831,31512
440839,31512
440890,31512
441300,31520
441810,31600
441820,31600
441840,31600
441850,31600
441860,31600
441871,31600
441872,31600
441879,31600
441890,31600
441510,31700
441520,31700
441600,31700
441700,31911
441900,31912
442010,31913
442090,31913
441400,31914
442110,31914
442190,31914
450190,31921
450200,31921
450310,31922
450390,31922
450410,31922
450490,31922
460121,31923
460122,31923
460129,31923
460192,31923
460193,31923
460194,31923
460199,31923
460211,31923
460212,31923
460219,31923
460290,31923
470200,32111
470311,32112
470319,32112
470321,32112
470329,32112
470411,32112
470419,32112
470421,32112
470429,32112
470100,32113
470500,32113
470610,32113
470620,32113
470630,32113
470691,32113
470692,32113
470693,32113
480100,32121
480210,32122
480220,32129
480240,32129
480254,32129
480255,32129
480256,32129
480257,32129
480258,32129
480261,32129
480262,32129
480269,32129
480300,32131
480411,32132
480419,32132
480421,32133
480429,32133
480431,32133
480439,32133
480441,32133
480442,32133
480449,32133
480451,32133
480452,32133
480459,32133
480840,32133
480511,32134
480512,32134
480519,32134
480524,32135
480525,32135
480530,32136
480540,32136
480550,32136
480591,32136
480592,32136
480593,32136
481390,32136
480610,32137
480620,32137
480630,32137
480640,32137
480700,32141
480890,32142
481013,32143
481014,32143
481019,32143
481022,32143
481029,32143
481031,32143
481032,32143
481039,32143
481092,32143
481099,32143
480920,32149
480990,32149
481110,32149
481141,32149
481149,32149
481151,32149
481159,32149
481160,32149
481190,32149
480810,32151
481930,32152
481940,32152
481910,32153
481920,32153
481950,32153
481960,32153
481620,32191
481690,32191
481710,32192
481720,32192
481730,32192
481810,32193
481820,32193
481830,32193
481850,32193
481890,32193
481420,32194
481490,32194
590500,32195
961900,32196
482110,32197
482190,32197
481200,32198
481310,32199
481320,32199
482210,32199
482290,32199
482320,32199
482340,32199
482361,32199
482369,32199
482370,32199
482390,32199
490110,32210
490199,32210
490110,32220
490191,32220
490199,32220
490591,32220
490110,32230
490199,32230
490110,32291
490199,32291
490110,32292
490199,32292
490300,32292
490110,32299
490199,32299
490210,32300
490290,32410
490290,32420
490290,32490
490599,32511
490510,32512
490400,32520
490900,32530
491191,32540
490600,32550
490700,32610
491110,32620
490810,32630
490890,32630
491000,32630
491199,32690
482010,32700
482020,32700
482030,32700
482040,32700
482050,32700
482090,32700
844250,32800
270400,33100
270600,33200
271012,33311
271012,33312
271012,33320
271012,33330
271019,33330
271019,33342
271019,33349
271019,33350
271019,33360
271020,33360
382600,33360
271019,33370
271019,33380
271012,33390
271019,33390
271112,33410
271113,33410
271114,33421
271119,33429
271129,33429
271210,33500
271220,33500
271290,33500
271311,33500
271312,33500
271320,33500
271390,33500
284410,33610
284420,33620
284430,33630
284440,33690
840130,33710
284450,33720
290110,34110
290121,34110
290122,34110
290123,34110
290124,34110
290129,34110
290211,34110
290219,34110
290220,34110
290230,34110
290241,34110
290242,34110
290243,34110
290244,34110
290250,34110
290260,34110
290270,34110
290290,34110
290311,34110
290312,34110
290313,34110
290314,34110
290315,34110
290319,34110
290321,34110
290322,34110
290323,34110
290329,34110
290331,34110
290339,34110
290371,34110
290372,34110
290373,34110
290374,34110
290375,34110
290376,34110
290377,34110
290378,34110
290379,34110
290381,34110
290382,34110
290389,34110
290391,34110
290392,34110
290399,34110
290410,34110
290420,34110
290490,34110
382311,34120
382312,34120
382313,34120
382319,34120
220720,34131
290511,34139
290512,34139
290513,34139
290514,34139
290516,34139
290517,34139
290519,34139
290522,34139
290529,34139
290531,34139
290532,34139
290539,34139
290541,34139
290542,34139
290543,34139
290544,34139
290549,34139
290551,34139
290559,34139
290611,34139
290612,34139
290613,34139
290619,34139
290621,34139
290629,34139
290711,34139
290712,34139
290713,34139
290715,34139
290719,34139
290721,34139
290722,34139
290723,34139
290729,34139
290811,34139
290819,34139
290891,34139
290892,34139
290899,34139
382370,34139
291511,34140
291512,34140
291513,34140
291521,34140
291524,34140
291529,34140
291531,34140
291532,34140
291533,34140
291536,34140
291539,34140
291540,34140
291550,34140
291560,34140
291570,34140
291590,34140
291611,34140
291612,34140
291613,34140
291614,34140
291615,34140
291616,34140
291619,34140
291620,34140
291631,34140
291632,34140
291634,34140
291639,34140
291711,34140
291712,34140
291713,34140
291714,34140
291719,34140
291720,34140
291732,34140
291733,34140
291734,34140
291735,34140
291736,34140
291737,34140
291739,34140
291811,34140
291812,34140
291813,34140
291814,34140
291815,34140
291816,34140
291818,34140
291819,34140
291829,34140
291830,34140
291891,34140
291899,34140
292111,34150
292119,34150
292121,34150
292122,34150
292129,34150
292130,34150
292141,34150
292142,34150
292143,34150
292144,34150
292145,34150
292146,34150
292149,34150
292151,34150
292159,34150
292211,34150
292212,34150
292213,34150
292214,34150
292219,34150
292221,34150
292229,34150
292231,34150
292239,34150
292243,34150
292244,34150
292249,34150
292250,34150
292421,34150
292511,34150
292512,34150
292519,34150
292521,34150
292529,34150
292610,34150
292620,34150
292630,34150
292690,34150
292700,34150
292800,34150
292910,34150
292990,34150
310250,34150
293020,34160
293030,34160
293040,34160
293050,34160
293090,34160
293110,34160
293120,34160
293190,34160
293211,34160
293212,34160
293213,34160
293219,34160
293291,34160
293292,34160
293293,34160
293294,34160
293295,34160
293299,34160
293329,34160
293331,34160
293332,34160
293333,34160
293339,34160
293341,34160
293349,34160
293361,34160
293371,34160
293372,34160
293379,34160
293391,34160
293399,34160
293410,34160
293420,34160
293491,34160
293499,34160
290911,34170
290919,34170
290920,34170
290930,34170
290941,34170
290943,34170
290944,34170
290949,34170
290950,34170
290960,34170
291010,34170
291020,34170
291030,34170
291040,34170
291090,34170
291100,34170
291211,34170
291212,34170
291219,34170
291221,34170
291229,34170
291241,34170
291242,34170
291249,34170
291250,34170
291260,34170
291300,34170
291411,34170
291412,34170
291413,34170
291419,34170
291422,34170
291423,34170
291429,34170
291431,34170
291439,34170
291440,34170
291450,34170
291461,34170
291469,34170
291470,34170
294200,34170
350710,34170
350790,34170
291910,34180
291990,34180
292011,34180
292019,34180
292090,34180
280410,34210
280421,34210
280429,34210
280430,34210
280440,34210
281121,34210
281129,34210
281700,34220
281910,34220
281990,34220
282010,34220
282090,34220
282110,34220
282120,34220
282200,34220
282300,34220
282410,34220
282490,34220
282520,34220
282530,34220
282540,34220
282550,34220
282560,34220
282570,34220
282580,34220
282590,34220
280110,34231
280120,34231
280130,34231
280200,34231
280300,34231
280450,34231
280461,34231
280469,34231
280470,34231
280480,34231
280490,34231
280511,34231
280512,34231
280519,34231
280530,34231
280540,34231
280610,34231
280620,34231
280700,34231
280910,34231
281000,34231
281111,34231
281119,34231
281122,34231
281210,34231
281290,34231
281310,34231
281390,34231
281511,34231
281512,34231
281520,34231
281530,34231
281610,34231
281640,34231
281830,34231
282510,34231
280920,34232
280800,34233
282612,34240
282619,34240
282630,34240
282690,34240
282720,34240
282731,34240
282732,34240
282735,34240
282739,34240
282741,34240
282749,34240
282751,34240
282759,34240
282760,34240
282810,34240
282890,34240
282911,34240
282919,34240
282990,34240
283010,34240
283090,34240
283110,34240
283190,34240
283210,34240
283220,34240
283230,34240
283311,34240
283319,34240
283321,34240
283322,34240
283324,34240
283325,34240
283327,34240
283329,34240
283330,34240
283340,34240
283429,34240
283510,34240
283522,34240
283524,34240
283525,34240
283526,34240
283529,34240
283531,34240
283539,34240
283620,34240
283630,34240
283640,34240
283650,34240
283660,34240
283691,34240
283692,34240
283699,34240
284130,34250
284150,34250
284161,34250
284169,34250
284170,34250
284180,34250
284190,34250
284310,34250
284321,34250
284329,34250
284330,34250
284390,34250
285210,34250
285290,34250
285300,34250
284510,34260
284590,34260
283711,34270
283719,34270
283720,34270
283911,34270
283919,34270
283990,34270
284011,34270
284019,34270
284020,34270
284030,34270
284210,34270
284290,34270
284700,34280
284800,34280
284910,34280
284920,34280
284990,34280
285000,34280
284610,34290
284690,34290
320411,34310
320412,34310
320413,34310
320414,34310
320415,34310
320416,34310
320417,34310
320419,34310
320420,34310
320490,34310
320500,34310
320110,34320
320120,34320
320190,34320
320300,34320
320210,34330
320290,34330
320611,34340
320619,34340
320620,34340
320641,34340
320642,34340
320649,34340
320650,34340
380290,34400
380300,34400
380510,34400
380590,34400
380610,34400
380620,34400
380630,34400
380690,34400
380700,34400
440210,34510
440290,34510
250300,34520
260120,34530
270710,34540
270720,34540
270730,34540
270740,34540
270750,34540
270791,34540
270799,34540
270810,34540
270820,34540
151800,34550
710410,34560
710420,34560
152000,34570
290545,34570
310210,34611
310221,34612
310230,34613
310260,34614
310240,34615
310280,34616
310229,34619
310290,34619
310310,34621
310390,34629
310420,34631
310430,34632
310490,34639
310520,34641
310530,34642
310540,34643
310551,34644
310559,34644
310560,34645
283421,34646
310590,34649
281410,34651
281420,34652
282710,34653
283410,34653
310100,34654
310510,34659
380891,34661
380892,34662
380893,34663
380894,34664
380850,34666
380899,34669
390110,34710
390120,34710
390130,34710
390190,34710
390311,34720
390319,34720
390320,34720
390330,34720
390390,34720
390410,34730
390421,34730
390422,34730
390430,34730
390440,34730
390450,34730
390461,34730
390469,34730
390490,34730
390710,34740
390720,34740
390730,34740
390740,34740
390750,34740
390760,34740
390770,34740
390791,34740
390799,34740
390210,34790
390220,34790
390230,34790
390290,34790
390512,34790
390519,34790
390521,34790
390529,34790
390530,34790
390591,34790
390599,34790
390610,34790
390690,34790
390810,34790
390890,34790
390910,34790
390920,34790
390930,34790
390940,34790
390950,34790
391000,34790
391110,34790
391190,34790
391211,34790
391212,34790
391220,34790
391231,34790
391239,34790
391290,34790
391310,34790
391390,34790
391400,34790
400211,34800
400219,34800
400220,34800
400231,34800
400239,34800
400241,34800
400249,34800
400251,34800
400259,34800
400260,34800
400270,34800
400280,34800
400291,34800
400299,34800
320710,35110
320720,35110
320730,35110
320740,35110
320810,35110
320820,35110
320890,35110
320910,35110
320990,35110
321000,35110
321100,35110
321210,35110
321290,35110
321410,35110
321490,35110
381400,35110
321310,35120
321390,35120
321511,35130
321519,35130
321590,35140
291821,35210
291822,35210
291823,35210
292241,35220
292242,35220
292310,35220
292320,35220
292390,35220
292411,35220
292412,35220
292419,35220
292423,35220
292424,35220
292429,35220
293220,35230
293311,35230
293319,35230
293321,35230
293352,35230
293353,35230
293354,35230
293355,35230
293359,35230
293369,35230
293430,35230
293500,35230
294000,35240
293621,35250
293622,35250
293623,35250
293624,35250
293625,35250
293626,35250
293627,35250
293628,35250
293629,35250
293690,35250
293711,35250
293712,35250
293719,35250
293721,35250
293722,35250
293723,35250
293729,35250
293750,35250
293790,35250
293810,35250
293890,35250
293911,35250
293919,35250
293920,35250
293930,35250
293941,35250
293942,35250
293943,35250
293944,35250
293949,35250
293951,35250
293959,35250
293961,35250
293962,35250
293963,35250
293969,35250
293991,35250
293999,35250
294110,35250
294120,35250
294130,35250
294140,35250
294150,35250
294190,35250
300310,35260
300320,35260
300331,35260
300339,35260
300340,35260
300390,35260
300410,35260
300420,35260
300431,35260
300432,35260
300439,35260
300440,35260
300450,35260
300490,35260
300120,35270
300190,35270
300210,35270
300220,35270
300230,35270
300290,35270
300510,35270
300590,35270
300620,35270
300630,35270
300660,35270
300610,35290
300640,35290
300650,35290
300670,35290
340211,35310
340212,35310
340213,35310
340219,35310
340111,35321
340119,35321
340120,35321
340130,35321
340220,35322
340290,35322
330300,35323
330410,35323
330420,35323
330430,35323
330491,35323
330499,35323
330510,35323
330520,35323
330530,35323
330590,35323
330610,35323
330620,35323
330690,35323
330710,35323
330720,35323
330730,35323
330790,35323
330741,35331
330749,35331
340420,35332
340490,35332
340510,35333
340520,35333
340530,35333
340590,35333
340540,35334
330112,35410
330113,35410
330119,35410
330124,35410
330125,35410
330129,35410
330130,35410
330190,35410
330210,35410
330290,35410
350190,35420
350220,35420
350290,35420
350300,35420
350400,35420
350520,35420
350610,35420
350691,35420
350699,35420
340311,35430
340319,35430
340391,35430
340399,35430
381111,35430
381119,35430
381121,35430
381129,35430
381190,35430
381900,35430
382000,35430
340700,35440
381300,35440
382100,35440
382200,35440
360100,35450
360200,35450
360300,35450
360410,35460
360490,35460
381800,35470
382600,35491
380210,35499
380910,35499
380991,35499
380992,35499
380993,35499
381010,35499
381090,35499
381210,35499
381220,35499
381230,35499
381511,35499
381512,35499
381519,35499
381590,35499
381700,35499
382410,35499
382430,35499
382440,35499
382460,35499
382471,35499
382472,35499
382473,35499
382474,35499
382475,35499
382476,35499
382477,35499
382478,35499
382479,35499
382481,35499
382482,35499
382483,35499
382490,35499
550110,35510
550120,35510
550130,35510
550140,35510
550190,35510
550311,35510
550319,35510
550320,35510
550330,35510
550340,35510
550390,35510
540211,35520
540219,35520
540220,35520
540231,35520
540232,35520
540233,35520
540234,35520
540239,35520
540244,35520
540245,35520
540246,35520
540247,35520
540248,35520
540249,35520
540251,35520
540252,35520
540259,35520
540411,35530
540412,35530
540419,35530
540490,35530
550200,35540
550410,35540
550490,35540
540310,35550
540331,35550
540332,35550
540333,35550
540339,35550
540500,35560
401110,36111
401140,36112
401150,36112
401120,36113
401130,36113
401161,36113
401162,36113
401163,36113
401169,36113
401192,36113
401193,36113
401194,36113
401199,36113
401290,36114
401310,36114
401320,36114
401390,36114
400610,36115
401211,36120
401212,36120
401213,36120
401219,36120
400300,36210
400510,36220
400520,36220
400591,36220
400599,36220
400690,36220
400700,36220
400811,36220
400819,36220
400821,36220
400829,36220
400911,36230
400912,36230
400921,36230
400922,36230
400931,36230
400932,36230
400941,36230
400942,36230
401011,36240
401012,36240
401019,36240
401031,36240
401032,36240
401033,36240
401034,36240
401035,36240
401036,36240
401039,36240
590610,36250
590691,36250
590699,36250
401511,36260
401519,36260
401590,36260
401410,36270
401490,36270
401610,36270
401691,36270
401692,36270
401693,36270
401694,36270
401695,36270
401699,36270
401700,36270
391610,36310
391620,36310
391690,36310
391710,36320
391721,36320
391722,36320
391723,36320
391729,36320
391731,36320
391732,36320
391733,36320
391739,36320
391740,36320
392010,36330
392020,36330
392030,36330
392043,36330
392049,36330
392051,36330
392059,36330
392061,36330
392062,36330
392063,36330
392069,36330
392071,36330
392073,36330
392079,36330
392091,36330
392092,36330
392093,36330
392094,36330
392099,36330
392111,36390
392112,36390
392113,36390
392114,36390
392119,36390
392190,36390
392321,36410
392329,36410
392310,36490
392330,36490
392340,36490
392350,36490
392390,36490
391810,36910
391890,36910
391910,36920
391990,36920
392210,36930
392220,36930
392290,36930
392410,36940
392490,36940
392510,36950
392520,36950
392530,36950
392590,36950
940592,36960
650610,36971
650691,36972
854720,36980
300691,36990
392610,36990
392630,36990
392640,36990
392690,36990
700100,37111
700210,37111
700220,37111
700231,37111
700232,37111
700239,37111
700312,37112
700319,37112
700320,37112
700330,37112
700420,37112
700490,37112
700510,37113
700521,37113
700529,37113
700530,37113
700600,37114
700711,37115
700719,37115
700721,37115
700729,37115
700800,37116
700910,37116
700991,37116
700992,37116
701690,37117
701911,37121
701912,37121
701919,37121
701931,37129
701932,37129
701939,37129
701990,37129
701020,37191
701090,37191
701110,37192
701120,37192
701190,37192
701310,37193
701322,37193
701328,37193
701333,37193
701337,37193
701341,37193
701342,37193
701349,37193
701391,37193
701399,37193
701510,37194
701590,37194
701010,37195
701710,37195
701720,37195
701790,37195
940591,37196
854610,37197
701400,37199
701610,37199
701810,37199
701820,37199
701890,37199
702000,37199
691010,37210
691090,37210
691110,37221
691190,37221
691200,37221
691310,37222
691390,37222
690911,37291
690912,37291
690919,37291
690990,37291
854620,37292
854710,37292
691410,37299
691490,37299
690100,37310
690210,37320
690220,37320
690290,37320
381600,37330
681591,37340
690310,37340
690320,37340
690390,37340
690410,37350
690490,37350
690510,37350
690590,37350
690600,37360
690710,37370
690790,37370
690810,37370
690890,37370
252020,37410
252210,37420
252220,37420
252230,37420
252310,37430
252321,37440
252329,37440
252330,37440
252390,37440
251820,37450
251830,37450
382450,37510
680800,37520
680911,37530
680919,37530
680990,37530
681011,37540
681019,37540
681091,37550
681099,37560
681140,37570
681181,37570
681182,37570
681189,37570
680221,37610
680291,37610
680100,37690
680210,37690
680223,37690
680229,37690
680292,37690
680293,37690
680299,37690
680300,37690
680410,37910
680421,37910
680422,37910
680423,37910
680430,37910
680510,37910
680520,37910
680530,37910
681280,37920
681291,37920
681292,37920
681293,37920
681299,37920
681320,37920
681381,37920
681389,37920
680710,37930
680790,37930
251730,37940
271500,37940
380110,37950
380120,37950
380130,37950
380190,37950
281810,37960
680610,37990
680620,37990
680690,37990
681410,37990
681490,37990
681510,37990
681520,37990
681599,37990
940110,38111
940120,38111
940130,38111
940171,38111
940179,38111
940140,38112
940151,38112
940159,38112
940161,38112
940169,38112
940180,38119
940310,38121
940330,38122
940340,38130
940320,38140
940350,38140
940360,38140
940370,38140
940381,38140
940389,38140
961000,38140
940410,38150
940421,38150
940429,38150
940190,38160
940390,38160
710110,38210
710121,38210
710122,38220
710239,38220
710391,38220
710399,38220
710490,38220
710229,38230
710510,38230
710590,38230
711311,38240
711319,38240
711320,38240
711411,38240
711419,38240
711420,38240
711590,38240
711610,38240
711620,38240
711810,38250
711890,38250
920110,38310
920120,38310
920190,38310
920210,38320
920290,38320
920510,38330
920590,38330
920710,38340
920790,38340
920600,38350
920810,38350
920890,38350
920930,38360
920991,38360
920992,38360
920994,38360
920999,38360
950611,38410
950612,38410
950619,38410
950670,38410
950621,38420
950629,38420
950691,38430
420321,38440
950631,38440
950632,38440
950639,38440
950640,38440
950651,38440
950659,38440
950661,38440
950662,38440
950669,38440
950699,38440
950710,38450
950720,38450
950730,38450
950790,38450
950300,38510
950300,38520
950300,38530
950300,38540
950300,38550
950300,38560
950440,38570
950450,38581
950450,38582
950420,38590
950430,38590
950490,38590
950810,38600
950890,38600
940600,38701
940600,38702
940600,38703
940600,38704
960810,38911
960820,38911
960830,38911
960840,38911
960850,38911
960860,38911
960891,38911
960899,38911
960910,38911
960920,38911
960990,38911
961100,38912
961210,38912
961220,38912
660110,38921
660191,38921
660199,38921
660200,38921
660320,38922
660390,38922
960610,38923
960621,38923
960622,38923
960629,38923
960711,38923
960719,38923
960630,38924
960720,38924
590410,38930
590490,38930
370400,38941
370510,38942
370590,38942
370610,38950
370690,38950
970110,38961
970190,38961
970200,38961
970300,38961
970400,38962
970500,38963
970600,38963
50100,38971
670300,38972
670411,38972
670419,38972
670420,38972
670490,38972
950510,38991
950590,38991
871500,38992
960310,38993
960321,38993
960329,38993
960330,38993
960340,38993
960350,38993
960390,38993
961310,38994
961320,38994
961380,38994
961400,38994
961511,38994
961519,38994
961590,38994
961610,38994
961620,38994
360690,38995
961390,38995
902300,38996
711711,38997
711719,38997
711790,38997
360500,38998
340600,38999
360610,38999
420600,38999
670100,38999
670210,38999
670290,38999
960110,38999
960190,38999
960200,38999
960400,38999
961700,38999
961800,38999
50210,39110
50290,39110
50400,39110
50510,39110
50590,39110
50610,39110
50690,39110
50710,39110
50790,39110
51000,39110
51199,39110
230210,39120
230230,39120
230240,39120
230250,39120
230800,39120
230310,39130
230320,39141
230320,39149
90190,39150
180200,39150
230330,39160
230700,39170
240130,39180
500300,39211
510320,39212
510330,39212
510400,39213
520210,39214
520291,39215
520299,39215
550510,39216
550520,39216
630900,39217
631010,39218
631090,39218
411520,39220
380400,39230
470710,39240
470720,39240
470730,39240
470790,39240
400400,39250
401220,39260
391510,39270
391520,39270
391530,39270
391590,39270
440131,39281
440139,39282
440139,39283
252530,39290
262110,39290
262190,39290
261800,39310
261900,39310
262011,39320
262019,39320
262021,39320
262029,39320
262030,39320
262040,39320
262060,39320
262091,39320
262099,39320
711291,39331
711292,39332
711299,39332
711230,39333
720410,39340
720421,39340
720429,39340
720430,39340
720441,39340
720449,39340
720450,39350
740400,39361
750300,39362
760200,39363
780200,39364
790200,39365
800200,39366
810197,39367
810297,39367
810330,39367
810420,39367
810530,39367
810730,39367
810830,39367
810930,39367
811213,39367
811252,39367
811020,39368
811222,39368
890800,39370
854810,39380
382510,39910
382520,39920
300692,39931
382530,39939
382541,39940
382549,39940
271091,39950
271099,39950
382550,39950
382561,39950
382569,39950
382590,39990
720110,41111
720120,41111
720150,41111
720211,41112
720219,41112
720241,41113
720249,41113
720260,41114
720221,41115
720229,41115
720230,41115
720250,41115
720270,41115
720280,41115
720291,41115
720292,41115
720293,41115
720299,41115
720310,41116
720390,41116
720510,41117
720521,41117
720529,41117
720610,41121
720690,41121
720711,41121
720712,41121
720719,41121
720720,41121
721810,41122
721891,41122
721899,41122
722410,41122
722490,41122
720810,41211
720825,41211
720826,41211
720827,41211
720836,41211
720837,41211
720838,41211
720839,41211
720840,41211
720851,41211
720852,41211
720853,41211
720854,41211
721113,41212
721114,41212
721119,41212
721911,41213
721912,41213
721913,41213
721914,41213
721921,41213
721922,41213
721923,41213
721924,41213
722530,41213
722540,41213
722011,41214
722012,41214
722691,41214
720915,41221
720916,41221
720917,41221
720918,41221
720925,41221
720926,41221
720927,41221
720928,41221
721123,41222
721129,41222
721931,41223
721932,41223
721933,41223
721934,41223
721935,41223
722550,41223
722020,41224
722692,41224
720890,41231
720990,41231
721011,41231
721012,41231
721020,41231
721030,41231
721041,41231
721049,41231
721050,41231
721061,41231
721069,41231
721070,41231
721090,41231
721190,41231
721210,41231
721220,41231
721230,41231
721240,41231
721250,41231
721260,41231
721990,41232
722090,41232
722511,41233
722519,41233
722611,41233
722619,41233
722620,41234
722591,41239
722592,41239
722599,41239
722699,41239
721310,41241
721320,41241
721391,41241
721399,41241
721410,41242
721420,41242
721430,41242
721491,41242
721499,41242
722100,41243
722710,41243
722720,41243
722790,41243
722211,41244
722219,41244
722830,41244
722840,41244
721610,41251
721621,41251
721622,41251
721631,41251
721632,41251
721633,41251
721640,41251
721650,41251
730110,41252
730120,41252
730210,41253
730230,41253
730240,41253
730290,41253
721510,41261
721550,41261
721590,41261
721661,41262
721669,41262
721691,41262
721699,41262
721710,41263
721720,41263
721730,41263
721790,41263
722220,41264
722850,41264
722230,41265
722860,41265
722240,41266
722870,41266
722300,41267
722920,41267
722990,41267
722810,41271
722820,41272
722880,41273
730411,41281
730419,41281
730422,41282
730423,41282
730424,41282
730429,41282
730431,41283
730439,41283
730441,41283
730449,41283
730451,41283
730459,41283
730490,41284
730511,41285
730512,41285
730519,41285
730611,41285
730619,41285
730520,41286
730621,41286
730629,41286
730531,41287
730539,41287
730630,41287
730640,41287
730650,41287
730661,41288
730669,41288
730590,41289
730690,41289
730300,41291
730711,41292
730719,41292
730721,41293
730722,41293
730723,41293
730729,41293
730791,41293
730792,41293
730793,41293
730799,41293
710610,41310
710691,41310
710692,41310
710811,41320
710812,41320
710813,41320
710820,41320
711011,41330
711019,41330
711021,41330
711029,41330
711031,41330
711039,41330
711041,41330
711049,41330
711510,41330
710900,41340
710700,41350
711100,41350
740100,41411
740200,41412
740311,41413
740312,41413
740313,41413
740319,41413
740321,41413
740322,41413
740329,41413
740500,41413
750110,41421
750120,41421
750210,41422
750220,41422
760110,41431
760120,41431
281820,41432
780110,41441
780191,41441
780199,41441
790111,41442
790112,41442
790120,41442
800110,41443
800120,41443
740610,41511
740620,41511
740710,41512
740721,41512
740729,41512
740811,41513
740819,41513
740821,41513
740822,41513
740829,41513
740911,41514
740919,41514
740921,41514
740929,41514
740931,41514
740939,41514
740940,41514
740990,41514
741011,41515
741012,41515
741021,41515
741022,41515
741110,41516
741121,41516
741122,41516
741129,41516
741210,41516
741220,41516
750400,41521
750511,41522
750512,41522
750521,41522
750522,41522
750610,41523
750620,41523
750711,41524
750712,41524
750720,41524
760310,41531
760320,41531
760410,41532
760421,41532
760429,41532
760511,41533
760519,41533
760521,41533
760529,41533
760611,41534
760612,41534
760691,41534
760692,41534
760711,41535
760719,41535
760720,41535
760810,41536
760820,41536
760900,41536
780411,41542
780419,41542
780420,41542
790310,41544
790390,41544
790400,41545
790500,41545
800300,41547
810110,41601
810194,41601
810210,41601
810294,41601
810320,41601
810411,41601
810419,41601
810520,41601
810720,41601
810820,41601
810920,41601
811212,41601
811251,41601
811292,41601
810196,41602
810199,41602
810295,41602
810296,41602
810299,41602
810390,41602
810430,41602
810490,41602
810590,41602
810790,41602
810890,41602
810990,41602
811219,41602
811259,41602
811299,41602
810600,41603
811010,41603
811090,41603
811100,41603
811221,41603
811229,41603
811300,41604
730810,42110
730820,42110
730830,42120
761010,42120
730840,42190
730890,42190
761090,42190
730900,42210
761100,42210
731100,42220
761300,42220
840110,42310
840211,42320
840212,42320
840219,42320
840220,42320
840410,42330
840420,42330
840140,42341
840290,42342
840490,42342
732410,42911
732421,42911
732429,42911
732490,42911
741820,42911
761520,42911
732310,42912
732391,42912
732392,42912
732393,42912
732394,42912
732399,42912
741810,42912
761510,42912
821000,42912
821110,42913
821191,42913
821192,42913
821193,42913
821194,42913
821195,42913
821300,42913
821210,42914
821220,42914
821290,42914
821410,42915
821420,42915
821490,42915
821510,42916
821520,42916
821591,42916
821599,42916
820110,42921
820130,42921
820140,42921
820150,42921
820160,42921
820190,42921
820210,42921
820220,42921
820231,42921
820239,42921
820240,42921
820291,42921
820299,42921
820310,42921
820320,42921
820330,42921
820340,42921
820411,42921
820412,42921
820420,42921
820510,42921
820520,42921
820530,42921
820540,42921
820551,42921
820559,42921
820560,42921
820570,42921
820590,42921
820600,42921
820713,42922
820719,42922
820720,42922
820730,42922
820740,42922
820750,42922
820760,42922
820770,42922
820780,42922
820790,42922
820810,42922
820820,42922
820830,42922
820840,42922
820890,42922
820900,42922
731010,42931
731021,42931
731029,42931
761210,42931
761290,42931
830910,42932
830990,42932
731210,42941
731290,42941
741300,42942
761410,42942
761490,42942
731412,42943
731414,42943
731419,42943
731420,42943
731431,42943
731439,42943
731441,42943
731442,42943
731449,42943
731450,42943
731700,42944
731811,42944
731812,42944
731813,42944
731814,42944
731815,42944
731816,42944
731819,42944
731821,42944
731822,42944
731823,42944
731824,42944
731829,42944
741510,42944
741521,42944
741529,42944
741533,42944
741539,42944
761610,42944
732010,42945
732020,42945
732090,42945
731300,42946
831110,42950
831120,42950
831130,42950
831190,42950
731520,42991
731581,42991
731582,42991
731589,42991
731590,42991
741910,42991
830110,42992
830120,42992
830130,42992
830140,42992
830150,42992
830160,42992
830170,42992
830210,42992
830220,42992
830230,42992
830241,42992
830242,42992
830249,42992
830250,42992
830260,42992
830300,42993
830400,42994
830510,42995
830520,42995
830590,42995
830621,42996
830629,42996
830630,42996
731940,42997
731990,42997
830810,42997
830820,42997
830890,42997
848710,42998
731600,42999
732510,42999
732591,42999
732599,42999
732611,42999
732619,42999
732620,42999
732690,42999
741991,42999
741999,42999
750810,42999
750890,42999
761691,42999
761699,42999
780600,42999
790700,42999
800700,42999
830610,42999
830710,42999
830790,42999
831000,42999
840721,43110
840729,43110
840790,43110
840810,43110
840890,43110
840731,43121
840732,43121
840733,43121
840734,43122
840820,43123
840710,43131
841111,43132
841112,43132
841121,43132
841122,43132
841210,43133
880510,43134
880521,43134
880529,43134
840610,43141
840681,43141
840682,43141
841011,43142
841012,43142
841013,43142
841181,43143
841182,43143
840991,43151
840999,43151
840910,43152
840690,43153
841090,43154
841191,43155
841199,43156
841221,43211
841231,43211
841229,43219
841239,43219
841280,43219
841311,43220
841319,43220
841320,43220
841330,43220
841340,43220
841350,43220
841360,43220
841370,43220
841381,43220
841382,43220
841410,43230
841420,43230
841430,43230
841440,43230
841480,43230
848110,43240
848120,43240
848130,43240
848140,43240
848180,43240
841290,43251
841391,43252
841392,43252
841490,43253
848190,43254
848210,43310
848220,43310
848230,43310
848240,43310
848250,43310
848280,43310
731511,43320
731512,43320
848310,43320
848320,43320
848330,43320
848340,43320
848350,43320
848360,43320
848291,43331
848299,43331
731519,43332
848390,43332
841610,43410
841620,43410
841630,43410
841710,43420
841780,43420
851410,43420
851420,43420
851430,43420
851440,43420
841690,43430
841790,43430
851490,43430
842511,43510
842519,43510
842531,43510
842539,43510
842541,43510
842542,43510
842549,43510
842611,43520
842612,43520
842619,43520
842620,43520
842630,43520
842641,43520
842649,43520
842691,43520
842699,43520
842710,43530
842720,43530
842790,43530
870911,43530
870919,43530
842810,43540
842840,43540
842820,43550
842832,43550
842833,43550
842839,43550
842860,43560
842890,43560
843110,43570
843120,43570
843131,43570
843139,43570
870990,43570
843141,43580
840510,43911
841940,43911
841950,43911
841960,43911
841510,43912
841520,43912
841581,43912
841582,43912
841583,43912
841850,43913
841861,43913
841869,43913
842121,43914
842122,43914
842129,43914
842139,43914
842123,43915
842131,43915
842220,43921
842230,43921
842240,43921
842310,43922
842320,43922
842330,43922
842381,43922
842382,43922
842389,43922
842410,43923
842420,43923
842430,43923
842489,43923
848410,43924
848420,43924
848490,43924
841459,43931
842119,43931
841989,43932
842010,43933
847621,43934
847629,43934
847681,43934
847689,43934
842219,43935
840590,43941
841590,43941
841891,43941
841899,43941
841990,43941
842191,43942
842199,43942
842091,43943
842099,43943
842390,43943
842490,43943
847690,43943
842290,43944
848790,43949
843210,44111
843221,44112
843229,44112
843230,44113
843240,44114
843290,44115
843280,44119
843311,44121
843319,44121
843351,44122
843320,44123
843330,44124
843340,44125
843353,44126
843360,44127
843710,44128
843352,44129
843359,44129
843390,44129
843410,44131
843420,44132
843490,44139
870110,44141
870130,44142
870190,44149
842481,44150
871620,44160
843510,44191
843610,44192
843621,44193
843629,44194
843680,44198
843590,44199
843691,44199
843699,44199
845610,44211
845620,44211
845630,44211
845690,44211
845710,44212
845720,44212
845730,44212
845811,44213
845819,44213
845891,44213
845899,44213
845910,44214
845921,44214
845929,44214
845931,44214
845939,44214
845940,44214
845951,44214
845959,44214
845961,44214
845969,44214
845970,44215
846011,44216
846019,44216
846021,44216
846029,44216
846031,44216
846039,44216
846040,44216
846090,44216
846120,44216
846130,44216
846140,44216
846150,44216
846190,44216
846210,44217
846221,44217
846229,44217
846231,44217
846239,44217
846241,44217
846249,44217
846291,44217
846299,44217
846310,44218
846320,44218
846330,44218
846390,44218
846410,44221
846420,44221
846490,44221
846510,44222
846591,44222
846592,44222
846593,44222
846594,44222
846595,44222
846596,44222
846599,44222
847930,44222
846711,44231
846719,44231
846781,44231
846789,44231
846721,44232
846722,44232
846729,44232
851511,44241
851519,44241
851521,44241
851529,44241
851531,44241
851539,44241
851580,44241
846810,44242
846820,44242
846880,44242
846610,44251
846620,44251
846630,44251
846693,44251
846694,44251
846691,44252
846692,44252
846791,44253
846792,44253
846799,44253
851590,44255
846890,44256
845410,44310
845420,44310
845430,44310
845510,44310
845521,44310
845522,44310
845490,44320
845530,44320
845590,44320
842831,44411
843031,44412
843039,44412
843041,44412
843049,44412
842911,44421
842919,44421
842920,44422
842930,44423
842940,44424
842951,44425
842952,44426
842959,44427
843050,44427
870410,44428
843142,44429
843010,44430
843020,44430
843061,44430
843069,44430
847910,44430
847410,44440
847420,44440
847431,44440
847432,44440
847439,44440
847480,44440
843143,44461
843149,44461
847490,44462
842111,44511
843780,44513
841720,44515
841981,44515
843810,44516
843820,44516
843830,44516
843840,44516
843850,44516
843860,44516
843880,44516
847920,44516
847810,44517
841931,44518
843790,44522
843890,44522
847890,44523
844400,44611
844511,44611
844512,44611
844513,44611
844519,44611
844520,44611
844530,44611
844540,44611
844590,44611
844610,44612
844621,44612
844629,44612
844630,44612
844711,44613
844712,44613
844720,44613
844790,44613
844811,44614
844819,44614
845221,44621
845229,44621
845020,44622
845110,44622
845129,44622
844319,44629
844900,44629
845130,44629
845140,44629
845150,44629
845180,44629
845310,44630
845320,44630
845380,44630
844820,44640
844831,44640
844832,44640
844833,44640
844839,44640
844842,44640
844849,44640
844851,44640
844859,44640
845090,44640
845190,44640
845230,44640
845290,44640
845390,44640
871000,44710
930110,44720
930120,44720
930190,44720
930200,44730
930310,44730
930320,44730
930330,44730
930390,44730
930400,44730
930621,44740
930629,44740
930630,44740
930690,44740
930700,44750
930510,44760
930520,44760
930591,44760
930599,44760
841810,44811
841821,44811
841829,44811
841830,44811
841840,44811
842211,44812
845011,44812
845012,44812
845019,44812
845121,44812
630110,44813
845210,44814
841451,44815
841460,44815
850811,44816
850940,44816
850980,44816
851010,44816
851020,44816
851030,44816
851631,44816
851632,44816
851633,44816
851640,44816
851671,44816
851672,44816
851679,44816
851610,44817
851621,44817
851629,44817
851650,44817
851660,44817
851680,44818
732111,44821
732112,44821
732119,44821
732181,44822
732182,44822
732189,44822
732211,44823
732219,44823
732290,44824
840310,44825
841911,44826
841919,44826
850870,44831
850990,44831
851090,44831
851690,44831
732190,44832
840390,44833
842112,44911
841932,44912
841939,44912
843910,44913
843920,44913
843930,44913
844110,44913
844120,44913
844130,44913
844140,44913
844180,44913
844010,44914
844230,44914
844311,44914
844313,44914
844314,44914
844315,44914
844316,44914
844317,44914
844319,44914
847710,44915
847720,44915
847730,44915
847740,44915
847751,44915
847759,44915
847780,44915
848010,44916
848020,44916
848030,44916
848041,44916
848049,44916
848050,44916
848060,44916
848071,44916
848079,44916
844332,44917
844339,44917
848610,44918
848620,44918
848630,44918
848640,44918
840120,44919
847510,44919
847521,44919
847529,44919
847940,44919
847950,44919
847960,44919
847971,44919
847979,44919
847981,44919
847982,44919
847989,44919
850819,44919
850860,44919
843991,44921
843999,44921
844190,44921
844090,44922
844240,44922
844391,44922
844399,44922
848690,44923
847590,44929
847790,44929
847990,44929
846900,45110
847010,45130
847021,45130
847029,45130
847030,45141
847050,45141
847090,45141
847050,45142
847290,45142
844312,45150
847210,45160
847230,45160
847290,45160
847310,45170
847321,45170
847329,45180
847340,45180
847130,45220
847141,45230
847149,45240
847150,45250
847160,45261
847160,45262
844332,45263
844332,45264
844332,45265
844331,45266
847160,45269
847190,45269
847170,45271
847170,45272
847180,45281
851769,45281
847180,45289
847190,45289
847330,45290
847350,45290
850110,46111
850131,46111
850132,46111
850133,46111
850134,46111
850120,46112
850140,46112
850151,46112
850152,46112
850153,46112
850161,46112
850162,46112
850163,46112
850164,46112
850211,46113
850212,46113
850213,46113
850220,46113
850231,46113
850239,46113
850240,46113
850421,46121
850422,46121
850423,46121
850431,46121
850432,46121
850433,46121
850434,46121
850410,46122
850440,46122
850450,46122
850300,46131
850490,46132
853510,46211
853521,46211
853529,46211
853530,46211
853540,46211
853590,46211
853610,46212
853620,46212
853630,46212
853641,46212
853649,46212
853650,46212
853661,46212
853669,46212
853690,46212
853710,46213
853720,46214
853670,46215
853810,46220
853890,46220
854411,46310
854419,46310
854420,46320
854430,46330
854442,46340
854449,46340
854460,46350
854470,46360
850610,46410
850630,46410
850640,46410
850650,46410
850660,46410
850680,46410
850710,46420
850720,46420
850730,46420
850740,46420
850750,46420
850760,46420
850780,46420
850690,46430
850790,46430
853910,46510
853921,46510
853922,46510
853929,46510
853931,46510
853932,46510
853939,46510
853941,46510
853949,46510
851310,46531
940510,46531
940520,46531
940550,46531
940560,46531
940530,46532
940540,46539
853990,46541
851390,46542
940599,46542
851110,46910
851120,46910
851130,46910
851140,46910
851150,46910
851180,46910
851210,46910
851220,46910
851230,46910
851240,46910
853110,46921
853010,46929
853080,46929
853120,46929
853180,46929
850511,46931
850519,46932
850520,46939
850590,46939
854310,46939
854320,46939
854330,46939
854370,46939
854690,46940
854790,46940
854511,46950
854519,46950
854520,46950
854590,46950
851190,46960
851290,46960
853090,46960
853190,46960
854390,46960
854890,46960
853210,47110
853221,47110
853222,47110
853223,47110
853224,47110
853225,47110
853229,47110
853230,47110
853310,47120
853321,47120
853329,47120
853331,47120
853339,47120
853340,47120
853400,47130
854011,47140
854012,47140
854020,47140
854040,47140
854060,47140
854071,47140
854079,47140
854081,47140
854089,47140
854110,47150
854121,47150
854129,47150
854130,47150
854140,47150
854150,47150
854160,47150
854231,47160
854232,47160
854233,47160
854239,47160
853290,47171
853390,47172
854091,47173
854099,47173
854190,47173
854290,47173
852560,47211
852550,47212
852580,47213
852580,47214
852580,47215
851711,47221
851712,47222
851718,47223
851761,47223
851762,47223
851769,47223
852712,47311
852713,47311
852719,47311
852791,47311
852792,47311
852799,47311
852721,47312
852729,47312
852871,47313
852872,47313
852873,47313
852849,47314
852859,47314
852869,47314
852841,47315
852851,47315
852861,47315
851920,47321
851930,47321
851950,47321
851981,47321
851989,47321
852110,47323
852190,47323
851810,47330
851821,47330
851822,47330
851829,47330
851830,47330
851840,47330
851850,47330
851770,47401
851890,47402
852210,47402
852290,47402
852910,47403
852990,47403
852329,47530
852341,47540
852351,47550
852359,47590
852380,47590
852329,47610
852349,47610
852380,47610
852329,47620
852349,47620
852329,47691
852349,47691
852329,47692
852349,47692
852329,47699
852349,47699
852329,47811
852349,47811
852329,47812
852349,47812
852329,47813
852349,47813
852329,47814
852349,47814
852329,47821
852349,47821
852329,47822
852349,47822
852329,47829
852349,47829
852321,47910
852352,47920
902212,48110
902213,48110
902214,48110
902219,48110
902221,48110
902229,48110
902230,48110
902290,48110
901811,48121
901812,48121
901813,48121
901814,48121
901819,48121
901820,48122
901841,48130
901849,48130
841920,48140
901831,48150
901832,48150
901839,48150
901850,48150
901890,48150
901910,48160
901920,48160
902000,48160
902110,48171
902121,48171
902129,48171
902131,48171
902139,48171
902140,48172
902150,48172
902190,48172
940210,48180
940290,48180
901410,48211
901420,48211
901480,48211
901510,48212
901520,48212
901530,48212
901540,48219
901580,48219
852610,48220
852691,48220
852692,48220
901600,48231
901710,48232
901720,48232
901730,48233
901780,48233
903010,48241
903020,48242
903031,48243
903033,48243
903040,48244
903032,48249
903039,48249
903082,48249
903084,48249
903089,48249
902511,48251
902519,48251
902580,48251
902610,48252
902620,48252
902680,48252
902710,48253
902720,48253
902730,48253
902750,48253
902780,48253
901210,48261
902410,48262
902480,48262
902810,48263
902820,48263
902830,48263
902910,48264
902920,48264
903281,48266
903110,48269
903120,48269
903141,48269
903149,48269
903180,48269
903210,48269
903220,48269
903289,48269
901490,48281
901590,48281
901790,48281
902590,48281
902690,48281
902790,48281
903090,48281
903300,48281
901290,48282
902890,48283
902990,48283
903190,48284
903290,48284
902490,48285
900110,48311
900120,48311
900130,48311
900140,48311
900150,48311
900190,48311
900219,48311
900220,48311
900290,48311
900410,48312
900490,48312
900311,48313
900319,48313
900510,48314
900580,48314
901110,48314
901120,48314
901180,48314
901310,48315
901320,48315
901380,48315
900211,48321
900610,48322
900630,48322
900640,48322
900651,48322
900652,48322
900653,48322
900659,48322
900710,48322
900720,48323
900661,48329
900669,48329
900850,48329
901010,48329
901050,48329
901060,48329
370110,48341
370120,48341
370130,48341
370191,48341
370199,48341
370210,48341
370231,48341
370232,48341
370239,48341
370241,48341
370242,48341
370243,48341
370244,48341
370252,48341
370253,48341
370254,48341
370255,48341
370256,48341
370296,48341
370297,48341
370298,48341
370310,48341
370320,48341
370390,48341
370710,48342
370790,48342
900590,48351
901190,48351
900390,48352
900691,48353
900699,48353
900791,48353
900792,48353
900890,48353
901090,48353
901390,48354
910111,48410
910119,48410
910121,48410
910129,48410
910191,48410
910199,48410
910211,48410
910212,48410
910219,48410
910221,48410
910229,48410
910291,48410
910299,48410
910310,48420
910390,48420
910400,48420
910511,48420
910519,48420
910521,48420
910529,48420
910591,48420
910599,48420
910610,48430
910690,48430
910700,48430
910811,48440
910812,48440
910819,48440
910820,48440
910890,48440
910910,48440
910990,48440
911011,48440
911012,48440
911019,48440
911090,48440
911110,48490
911120,48490
911180,48490
911190,48490
911220,48490
911290,48490
911310,48490
911320,48490
911410,48490
911430,48490
911440,48490
911490,48490
870120,49111
870210,49112
870290,49112
870321,49113
870322,49113
870323,49113
870324,49113
870331,49113
870332,49113
870333,49113
870390,49113
870421,49114
870422,49114
870423,49114
870431,49114
870432,49114
870490,49114
870510,49115
870310,49116
870520,49119
870530,49119
870540,49119
870590,49119
870600,49121
870810,49129
870830,49129
870840,49129
870850,49129
870870,49129
870880,49129
870891,49129
870892,49129
870893,49129
870894,49129
870895,49129
870899,49129
870710,49210
870790,49210
860900,49221
871610,49222
871631,49229
871639,49229
871640,49229
870821,49231
870829,49231
871690,49232
890110,49311
890120,49312
890130,49313
890190,49314
890200,49315
890400,49316
890510,49319
890590,49319
890610,49319
890690,49319
890520,49320
890710,49390
890790,49390
890391,49410
890310,49490
890392,49490
890399,49490
860110,49511
860210,49512
860120,49519
860290,49519
860310,49520
860390,49520
860400,49531
860500,49532
860610,49533
860630,49533
860691,49533
860692,49533
860699,49533
860711,49540
860712,49540
860719,49540
860721,49540
860729,49540
860730,49540
860791,49540
860799,49540
860800,49540
880100,49610
880211,49621
880212,49621
880220,49622
880230,49623
880240,49623
880260,49630
880310,49640
880320,49640
880330,49640
880390,49640
871110,49911
871120,49912
871130,49912
871140,49912
871150,49912
871190,49913
871200,49921
871310,49922
871390,49922
871680,49930
871410,49941
871420,49942
871491,49942
871492,49942
871493,49942
871494,49942
871495,49942
871496,49942
871499,49942
999999,44720